const char roll2_png[24504] = {
	0x42, 0x4d, 0xb8, 0x5f, 0x00, 0x00, 0x00, 0x00, 0x00, 0x00, 0x36, 
	0x01, 0x00, 0x00, 0x28, 0x00, 0x00, 0x00, 0xdf, 0x00, 0x00, 0x00, 
	0x6c, 0x00, 0x00, 0x00, 0x01, 0x00, 0x08, 0x00, 0x00, 0x00, 0x00, 
	0x00, 0x82, 0x5e, 0x00, 0x00, 0x12, 0x0b, 0x00, 0x00, 0x12, 0x0b, 
	0x00, 0x00, 0x40, 0x00, 0x00, 0x00, 0x40, 0x00, 0x00, 0x00, 0x00, 
	0x00, 0x00, 0x00, 0xff, 0xff, 0xff, 0x00, 0x1f, 0x1e, 0x5a, 0x00, 
	0x1a, 0x18, 0x4c, 0x00, 0x2e, 0x2a, 0x82, 0x00, 0x25, 0x23, 0x6d, 
	0x00, 0x15, 0x14, 0x3e, 0x00, 0x11, 0x10, 0x2e, 0x00, 0x34, 0x2f, 
	0x98, 0x00, 0x37, 0x33, 0x6d, 0x00, 0x7b, 0x78, 0xb2, 0x00, 0x9e, 
	0x9b, 0xce, 0x00, 0xda, 0xd8, 0xf5, 0x00, 0x3a, 0x34, 0x83, 0x00, 
	0x16, 0x14, 0x2a, 0x00, 0x0c, 0x0b, 0x16, 0x00, 0x47, 0x42, 0x81, 
	0x00, 0x59, 0x52, 0x9e, 0x00, 0x42, 0x38, 0x99, 0x00, 0x1f, 0x1d, 
	0x32, 0x00, 0x11, 0x0f, 0x20, 0x00, 0xc2, 0xbb, 0xf4, 0x00, 0x3d, 
	0x3c, 0x42, 0x00, 0x31, 0x30, 0x35, 0x00, 0x4a, 0x48, 0x50, 0x00, 
	0xd3, 0xd1, 0xd9, 0x00, 0xc5, 0xc3, 0xca, 0x00, 0x0e, 0x0d, 0x10, 
	0x00, 0x6b, 0x67, 0x71, 0x00, 0x5c, 0x5a, 0x5f, 0x00, 0xec, 0xe8, 
	0xf2, 0x00, 0x7b, 0x78, 0x7f, 0x00, 0x9a, 0x97, 0x9e, 0x00, 0xb8, 
	0xb5, 0xbc, 0x00, 0xf4, 0xf1, 0xf8, 0x00, 0x1f, 0x1e, 0x20, 0x00, 
	0x27, 0x26, 0x28, 0x00, 0x89, 0x86, 0x8c, 0x00, 0xab, 0xa8, 0xad, 
	0x00, 0xfb, 0xf9, 0xfc, 0x00, 0x03, 0x01, 0x03, 0x00, 0x05, 0x03, 
	0x05, 0x00, 0xe3, 0xdf, 0xe3, 0x00, 0x04, 0x04, 0xd3, 0x00, 0x02, 
	0x02, 0x69, 0x00, 0x01, 0x01, 0x29, 0x00, 0x02, 0x02, 0x38, 0x00, 
	0x01, 0x01, 0x1c, 0x00, 0x01, 0x01, 0x11, 0x00, 0x01, 0x01, 0x06, 
	0x00, 0x02, 0x02, 0x09, 0x00, 0x01, 0x01, 0x03, 0x00, 0x0c, 0x0c, 
	0x23, 0x00, 0x09, 0x09, 0x1a, 0x00, 0x07, 0x07, 0x14, 0x00, 0x05, 
	0x05, 0x0d, 0x00, 0x05, 0x05, 0x08, 0x00, 0x03, 0x03, 0x04, 0x00, 
	0x07, 0x07, 0x08, 0x00, 0x12, 0x12, 0x14, 0x00, 0x0a, 0x0a, 0x0b, 
	0x00, 0x17, 0x17, 0x19, 0x00, 0x05, 0x05, 0x05, 0x00, 0x01, 0x01, 
	0x01, 0x00, 0x00, 0x00, 0x00, 0x00, 0x00, 0x00, 0x00, 0x00, 0x00, 
	0x00, 0x33, 0x33, 0x33, 0x31, 0x31, 0x31, 0x33, 0x33, 0x33, 0x00, 
	0x00, 0x00, 0x00, 0x00, 0x33, 0x33, 0x33, 0x33, 0x33, 0x33, 0x33, 
	0x33, 0x00, 0x00, 0x00, 0x00, 0x00, 0x00, 0x00, 0x00, 0x00, 0x00, 
	0x00, 0x00, 0x00, 0x00, 0x00, 0x00, 0x00, 0x00, 0x00, 0x00, 0x33, 
	0x33, 0x33, 0x31, 0x31, 0x31, 0x33, 0x33, 0x33, 0x33, 0x33, 0x31, 
	0x31, 0x31, 0x31, 0x33, 0x33, 0x33, 0x33, 0x33, 0x31, 0x31, 0x33, 
	0x33, 0x33, 0x33, 0x33, 0x31, 0x31, 0x33, 0x33, 0x33, 0x33, 0x33, 
	0x33, 0x33, 0x31, 0x31, 0x31, 0x33, 0x33, 0x33, 0x33, 0x00, 0x33, 
	0x33, 0x33, 0x33, 0x31, 0x31, 0x31, 0x31, 0x31, 0x33, 0x33, 0x33, 
	0x33, 0x00, 0x33, 0x33, 0x33, 0x33, 0x31, 0x31, 0x31, 0x31, 0x31, 
	0x31, 0x31, 0x33, 0x33, 0x33, 0x33, 0x33, 0x33, 0x31, 0x31, 0x31, 
	0x31, 0x31, 0x31, 0x31, 0x31, 0x31, 0x33, 0x33, 0x33, 0x33, 0x00, 
	0x00, 0x00, 0x00, 0x33, 0x33, 0x33, 0x33, 0x33, 0x33, 0x33, 0x33, 
	0x00, 0x00, 0x00, 0x33, 0x33, 0x33, 0x31, 0x31, 0x31, 0x33, 0x33, 
	0x33, 0x33, 0x33, 0x31, 0x31, 0x31, 0x31, 0x33, 0x33, 0x33, 0x33, 
	0x31, 0x31, 0x31, 0x31, 0x31, 0x31, 0x31, 0x31, 0x31, 0x31, 0x33, 
	0x33, 0x33, 0x33, 0x33, 0x33, 0x33, 0x31, 0x31, 0x31, 0x33, 0x33, 
	0x33, 0x00, 0x00, 0x00, 0x00, 0x33, 0x33, 0x33, 0x33, 0x33, 0x33, 
	0x33, 0x33, 0x00, 0x00, 0x00, 0x00, 0x00, 0x00, 0x00, 0x00, 0x00, 
	0x00, 0x00, 0x00, 0x00, 0x00, 0x00, 0x00, 0x00, 0x00, 0x00, 0x00, 
	0x00, 0x00, 0x00, 0x00, 0x33, 0x31, 0x37, 0x37, 0x36, 0x36, 0x36, 
	0x36, 0x37, 0x32, 0x31, 0x33, 0x33, 0x31, 0x32, 0x37, 0x37, 0x36, 
	0x36, 0x36, 0x36, 0x37, 0x32, 0x31, 0x33, 0x33, 0x00, 0x00, 0x00, 
	0x00, 0x00, 0x00, 0x00, 0x00, 0x00, 0x00, 0x00, 0x00, 0x00, 0x00, 
	0x00, 0x33, 0x33, 0x32, 0x37, 0x37, 0x36, 0x36, 0x36, 0x36, 0x37, 
	0x37, 0x37, 0x37, 0x36, 0x36, 0x36, 0x36, 0x37, 0x37, 0x37, 0x37, 
	0x36, 0x36, 0x36, 0x36, 0x37, 0x37, 0x37, 0x36, 0x36, 0x36, 0x36, 
	0x37, 0x37, 0x37, 0x37, 0x37, 0x37, 0x36, 0x36, 0x36, 0x36, 0x37, 
	0x32, 0x31, 0x31, 0x31, 0x32, 0x37, 0x36, 0x36, 0x36, 0x35, 0x36, 
	0x36, 0x36, 0x37, 0x32, 0x31, 0x31, 0x31, 0x32, 0x37, 0x36, 0x36, 
	0x36, 0x35, 0x35, 0x35, 0x36, 0x36, 0x37, 0x37, 0x37, 0x37, 0x37, 
	0x36, 0x36, 0x36, 0x36, 0x36, 0x36, 0x36, 0x36, 0x36, 0x36, 0x36, 
	0x37, 0x37, 0x31, 0x33, 0x33, 0x31, 0x32, 0x37, 0x37, 0x36, 0x36, 
	0x36, 0x36, 0x37, 0x37, 0x32, 0x31, 0x31, 0x32, 0x37, 0x37, 0x36, 
	0x36, 0x36, 0x36, 0x37, 0x37, 0x37, 0x37, 0x36, 0x36, 0x36, 0x36, 
	0x37, 0x37, 0x37, 0x37, 0x36, 0x36, 0x36, 0x36, 0x36, 0x36, 0x36, 
	0x36, 0x36, 0x36, 0x36, 0x37, 0x37, 0x37, 0x37, 0x37, 0x36, 0x36, 
	0x36, 0x36, 0x37, 0x37, 0x31, 0x31, 0x33, 0x33, 0x31, 0x32, 0x37, 
	0x36, 0x36, 0x36, 0x36, 0x37, 0x37, 0x32, 0x31, 0x33, 0x00, 0x00, 
	0x00, 0x00, 0x00, 0x00, 0x00, 0x00, 0x00, 0x00, 0x00, 0x3f, 0x00, 
	0x00, 0x00, 0x00, 0x00, 0x00, 0x00, 0x00, 0x33, 0x32, 0x37, 0x35, 
	0x34, 0x07, 0x07, 0x07, 0x34, 0x35, 0x36, 0x37, 0x37, 0x37, 0x37, 
	0x35, 0x34, 0x07, 0x07, 0x07, 0x07, 0x07, 0x34, 0x35, 0x36, 0x37, 
	0x31, 0x33, 0x00, 0x00, 0x00, 0x00, 0x00, 0x00, 0x00, 0x00, 0x00, 
	0x00, 0x00, 0x00, 0x00, 0x00, 0x33, 0x32, 0x37, 0x35, 0x34, 0x07, 
	0x07, 0x07, 0x34, 0x34, 0x34, 0x34, 0x34, 0x07, 0x07, 0x07, 0x07, 
	0x34, 0x34, 0x34, 0x34, 0x34, 0x07, 0x07, 0x34, 0x34, 0x34, 0x34, 
	0x07, 0x07, 0x07, 0x07, 0x34, 0x35, 0x35, 0x35, 0x35, 0x34, 0x07, 
	0x07, 0x07, 0x34, 0x35, 0x36, 0x37, 0x37, 0x37, 0x36, 0x34, 0x34, 
	0x07, 0x07, 0x07, 0x07, 0x07, 0x07, 0x34, 0x35, 0x37, 0x37, 0x37, 
	0x36, 0x35, 0x34, 0x07, 0x07, 0x07, 0x07, 0x07, 0x07, 0x07, 0x34, 
	0x34, 0x35, 0x35, 0x34, 0x34, 0x07, 0x07, 0x07, 0x07, 0x07, 0x07, 
	0x07, 0x07, 0x07, 0x07, 0x34, 0x35, 0x37, 0x37, 0x37, 0x37, 0x36, 
	0x35, 0x34, 0x07, 0x07, 0x07, 0x07, 0x34, 0x34, 0x35, 0x36, 0x36, 
	0x36, 0x35, 0x34, 0x07, 0x07, 0x07, 0x34, 0x34, 0x34, 0x34, 0x34, 
	0x07, 0x07, 0x07, 0x07, 0x34, 0x34, 0x34, 0x34, 0x07, 0x07, 0x07, 
	0x07, 0x07, 0x07, 0x07, 0x07, 0x07, 0x07, 0x07, 0x34, 0x35, 0x35, 
	0x35, 0x34, 0x34, 0x07, 0x07, 0x07, 0x34, 0x35, 0x36, 0x37, 0x32, 
	0x37, 0x36, 0x35, 0x34, 0x07, 0x07, 0x07, 0x07, 0x34, 0x34, 0x35, 
	0x37, 0x32, 0x33, 0x00, 0x00, 0x00, 0x00, 0x00, 0x00, 0x00, 0x00, 
	0x00, 0x00, 0x3f, 0x00, 0x00, 0x00, 0x00, 0x00, 0x00, 0x00, 0x00, 
	0x31, 0x37, 0x35, 0x07, 0x06, 0x03, 0x03, 0x03, 0x03, 0x06, 0x34, 
	0x35, 0x36, 0x35, 0x34, 0x07, 0x06, 0x03, 0x02, 0x02, 0x02, 0x03, 
	0x06, 0x06, 0x34, 0x35, 0x37, 0x31, 0x33, 0x00, 0x00, 0x00, 0x00, 
	0x00, 0x00, 0x00, 0x00, 0x00, 0x00, 0x00, 0x00, 0x33, 0x31, 0x37, 
	0x35, 0x07, 0x06, 0x03, 0x03, 0x03, 0x03, 0x06, 0x06, 0x06, 0x06, 
	0x03, 0x03, 0x03, 0x03, 0x06, 0x06, 0x06, 0x06, 0x03, 0x03, 0x03, 
	0x03, 0x06, 0x06, 0x03, 0x03, 0x03, 0x03, 0x03, 0x06, 0x07, 0x07, 
	0x07, 0x07, 0x06, 0x03, 0x03, 0x03, 0x03, 0x06, 0x34, 0x35, 0x36, 
	0x35, 0x34, 0x06, 0x03, 0x03, 0x02, 0x02, 0x02, 0x02, 0x03, 0x06, 
	0x07, 0x35, 0x35, 0x35, 0x34, 0x06, 0x03, 0x03, 0x02, 0x02, 0x02, 
	0x02, 0x02, 0x03, 0x06, 0x06, 0x07, 0x07, 0x06, 0x03, 0x03, 0x02, 
	0x02, 0x03, 0x03, 0x03, 0x03, 0x03, 0x03, 0x03, 0x06, 0x07, 0x35, 
	0x35, 0x35, 0x34, 0x07, 0x06, 0x03, 0x03, 0x02, 0x02, 0x03, 0x03, 
	0x06, 0x07, 0x34, 0x34, 0x34, 0x07, 0x06, 0x03, 0x03, 0x03, 0x03, 
	0x06, 0x06, 0x06, 0x06, 0x03, 0x03, 0x03, 0x03, 0x06, 0x06, 0x06, 
	0x06, 0x03, 0x03, 0x02, 0x02, 0x03, 0x03, 0x03, 0x03, 0x03, 0x03, 
	0x03, 0x06, 0x07, 0x07, 0x07, 0x06, 0x03, 0x03, 0x03, 0x03, 0x06, 
	0x07, 0x34, 0x35, 0x36, 0x35, 0x34, 0x06, 0x06, 0x03, 0x02, 0x02, 
	0x02, 0x03, 0x06, 0x07, 0x34, 0x36, 0x37, 0x33, 0x00, 0x00, 0x00, 
	0x00, 0x00, 0x00, 0x00, 0x00, 0x00, 0x3f, 0x00, 0x00, 0x00, 0x00, 
	0x00, 0x00, 0x00, 0x33, 0x32, 0x36, 0x07, 0x06, 0x07, 0x06, 0x06, 
	0x03, 0x03, 0x06, 0x06, 0x07, 0x34, 0x07, 0x06, 0x02, 0x05, 0x06, 
	0x03, 0x03, 0x03, 0x06, 0x02, 0x02, 0x06, 0x07, 0x35, 0x37, 0x31, 
	0x00, 0x00, 0x00, 0x00, 0x00, 0x00, 0x00, 0x00, 0x00, 0x00, 0x00, 
	0x00, 0x33, 0x37, 0x35, 0x07, 0x06, 0x07, 0x06, 0x06, 0x06, 0x06, 
	0x06, 0x02, 0x02, 0x06, 0x06, 0x06, 0x06, 0x03, 0x06, 0x02, 0x02, 
	0x06, 0x06, 0x06, 0x06, 0x06, 0x03, 0x05, 0x02, 0x03, 0x03, 0x03, 
	0x03, 0x06, 0x03, 0x06, 0x06, 0x06, 0x06, 0x06, 0x03, 0x03, 0x06, 
	0x07, 0x06, 0x34, 0x34, 0x07, 0x06, 0x07, 0x06, 0x03, 0x03, 0x03, 
	0x03, 0x03, 0x06, 0x07, 0x06, 0x07, 0x34, 0x07, 0x06, 0x06, 0x03, 
	0x02, 0x02, 0x02, 0x02, 0x05, 0x08, 0x08, 0x2b, 0x04, 0x03, 0x03, 
	0x2b, 0x2b, 0x08, 0x05, 0x03, 0x03, 0x02, 0x03, 0x03, 0x03, 0x06, 
	0x06, 0x06, 0x06, 0x07, 0x07, 0x07, 0x06, 0x03, 0x05, 0x02, 0x02, 
	0x02, 0x02, 0x03, 0x02, 0x05, 0x03, 0x06, 0x06, 0x06, 0x06, 0x06, 
	0x06, 0x06, 0x06, 0x06, 0x06, 0x02, 0x02, 0x06, 0x06, 0x06, 0x06, 
	0x06, 0x06, 0x02, 0x02, 0x06, 0x06, 0x06, 0x03, 0x03, 0x06, 0x02, 
	0x03, 0x03, 0x03, 0x06, 0x06, 0x07, 0x03, 0x03, 0x03, 0x06, 0x02, 
	0x02, 0x02, 0x03, 0x06, 0x06, 0x07, 0x34, 0x34, 0x07, 0x03, 0x02, 
	0x02, 0x03, 0x03, 0x03, 0x03, 0x03, 0x05, 0x03, 0x06, 0x34, 0x36, 
	0x32, 0x33, 0x00, 0x00, 0x00, 0x00, 0x00, 0x00, 0x00, 0x00, 0x3f, 
	0x00, 0x00, 0x00, 0x00, 0x00, 0x00, 0x00, 0x33, 0x37, 0x35, 0x06, 
	0x06, 0x00, 0x00, 0x00, 0x32, 0x2f, 0x2e, 0x02, 0x06, 0x06, 0x03, 
	0x02, 0x07, 0x00, 0x00, 0x00, 0x33, 0x00, 0x00, 0x33, 0x07, 0x02, 
	0x03, 0x07, 0x35, 0x32, 0x33, 0x00, 0x00, 0x00, 0x00, 0x00, 0x00, 
	0x00, 0x00, 0x00, 0x00, 0x00, 0x33, 0x37, 0x34, 0x06, 0x06, 0x00, 
	0x00, 0x00, 0x00, 0x00, 0x06, 0x04, 0x04, 0x2d, 0x33, 0x33, 0x32, 
	0x30, 0x30, 0x04, 0x04, 0x2e, 0x00, 0x33, 0x33, 0x31, 0x02, 0x08, 
	0x03, 0x2e, 0x2e, 0x2d, 0x2d, 0x2e, 0x02, 0x02, 0x02, 0x06, 0x00, 
	0x33, 0x32, 0x2f, 0x2e, 0x2e, 0x03, 0x06, 0x07, 0x06, 0x02, 0x2d, 
	0x2e, 0x2e, 0x2f, 0x33, 0x33, 0x33, 0x00, 0x33, 0x03, 0x06, 0x06, 
	0x06, 0x03, 0x2e, 0x2e, 0x2e, 0x2e, 0x2e, 0x2e, 0x2e, 0x2c, 0x2b, 
	0x2b, 0x2b, 0x05, 0x05, 0x2b, 0x2b, 0x2c, 0x2d, 0x33, 0x00, 0x02, 
	0x06, 0x32, 0x32, 0x31, 0x31, 0x32, 0x03, 0x03, 0x06, 0x03, 0x02, 
	0x03, 0x35, 0x32, 0x30, 0x30, 0x32, 0x32, 0x33, 0x32, 0x03, 0x05, 
	0x02, 0x02, 0x06, 0x31, 0x31, 0x33, 0x30, 0x30, 0x06, 0x04, 0x05, 
	0x00, 0x00, 0x00, 0x00, 0x00, 0x00, 0x04, 0x04, 0x36, 0x00, 0x00, 
	0x33, 0x00, 0x00, 0x02, 0x06, 0x31, 0x32, 0x00, 0x00, 0x33, 0x02, 
	0x05, 0x05, 0x2e, 0x2c, 0x2c, 0x2d, 0x2d, 0x2f, 0x03, 0x03, 0x06, 
	0x06, 0x03, 0x02, 0x34, 0x00, 0x00, 0x00, 0x00, 0x00, 0x33, 0x00, 
	0x03, 0x02, 0x06, 0x34, 0x36, 0x31, 0x00, 0x00, 0x00, 0x00, 0x00, 
	0x00, 0x00, 0x00, 0x3f, 0x00, 0x00, 0x00, 0x00, 0x00, 0x00, 0x00, 
	0x33, 0x37, 0x34, 0x06, 0x03, 0x00, 0x00, 0x00, 0x33, 0x30, 0x2d, 
	0x05, 0x02, 0x02, 0x05, 0x07, 0x00, 0x00, 0x00, 0x00, 0x00, 0x00, 
	0x33, 0x32, 0x2f, 0x35, 0x02, 0x06, 0x34, 0x37, 0x33, 0x00, 0x00, 
	0x00, 0x00, 0x00, 0x00, 0x00, 0x00, 0x00, 0x00, 0x00, 0x33, 0x37, 
	0x34, 0x03, 0x02, 0x00, 0x00, 0x00, 0x00, 0x33, 0x03, 0x08, 0x04, 
	0x30, 0x30, 0x32, 0x31, 0x31, 0x34, 0x08, 0x08, 0x2e, 0x30, 0x32, 
	0x31, 0x31, 0x02, 0x08, 0x2e, 0x2e, 0x2e, 0x2e, 0x2c, 0x2e, 0x05, 
	0x05, 0x05, 0x03, 0x00, 0x33, 0x30, 0x2f, 0x2e, 0x2e, 0x02, 0x06, 
	0x06, 0x03, 0x05, 0x2f, 0x2c, 0x2c, 0x2e, 0x32, 0x31, 0x32, 0x31, 
	0x33, 0x03, 0x03, 0x06, 0x03, 0x02, 0x2e, 0x2e, 0x2e, 0x2e, 0x2e, 
	0x2e, 0x2e, 0x2e, 0x2c, 0x2b, 0x2b, 0x04, 0x04, 0x2b, 0x2c, 0x2e, 
	0x30, 0x00, 0x00, 0x02, 0x06, 0x30, 0x2f, 0x2f, 0x2d, 0x2d, 0x02, 
	0x02, 0x02, 0x02, 0x03, 0x30, 0x30, 0x30, 0x32, 0x2e, 0x2e, 0x2f, 
	0x31, 0x00, 0x33, 0x06, 0x04, 0x04, 0x03, 0x33, 0x32, 0x30, 0x2d, 
	0x2d, 0x02, 0x08, 0x04, 0x00, 0x00, 0x00, 0x00, 0x00, 0x36, 0x08, 
	0x08, 0x35, 0x33, 0x33, 0x00, 0x00, 0x00, 0x02, 0x06, 0x33, 0x33, 
	0x00, 0x30, 0x30, 0x05, 0x04, 0x04, 0x2e, 0x2e, 0x2e, 0x2d, 0x2f, 
	0x30, 0x03, 0x02, 0x03, 0x02, 0x02, 0x2f, 0x31, 0x00, 0x00, 0x00, 
	0x33, 0x30, 0x2f, 0x32, 0x00, 0x06, 0x02, 0x06, 0x35, 0x37, 0x33, 
	0x00, 0x00, 0x00, 0x00, 0x00, 0x00, 0x00, 0x3f, 0x00, 0x00, 0x00, 
	0x00, 0x00, 0x00, 0x00, 0x33, 0x36, 0x07, 0x03, 0x02, 0x00, 0x00, 
	0x00, 0x00, 0x33, 0x35, 0x04, 0x05, 0x05, 0x03, 0x00, 0x00, 0x33, 
	0x31, 0x33, 0x00, 0x00, 0x00, 0x31, 0x30, 0x32, 0x03, 0x02, 0x07, 
	0x36, 0x31, 0x00, 0x00, 0x00, 0x00, 0x00, 0x00, 0x00, 0x00, 0x00, 
	0x00, 0x00, 0x33, 0x37, 0x34, 0x03, 0x02, 0x30, 0x30, 0x32, 0x33, 
	0x33, 0x03, 0x08, 0x04, 0x32, 0x30, 0x2f, 0x2f, 0x30, 0x07, 0x08, 
	0x08, 0x2c, 0x2f, 0x2f, 0x30, 0x33, 0x02, 0x05, 0x2d, 0x2d, 0x2f, 
	0x2e, 0x2e, 0x2d, 0x05, 0x04, 0x04, 0x02, 0x33, 0x31, 0x30, 0x2f, 
	0x2f, 0x2e, 0x05, 0x03, 0x03, 0x02, 0x02, 0x30, 0x2e, 0x2e, 0x2e, 
	0x30, 0x32, 0x30, 0x2d, 0x2e, 0x02, 0x02, 0x03, 0x03, 0x05, 0x2e, 
	0x2e, 0x2e, 0x2e, 0x2e, 0x2e, 0x2d, 0x30, 0x2d, 0x2c, 0x04, 0x04, 
	0x08, 0x2c, 0x2c, 0x2d, 0x30, 0x32, 0x33, 0x02, 0x06, 0x2f, 0x2d, 
	0x2d, 0x2d, 0x2d, 0x05, 0x05, 0x05, 0x05, 0x2f, 0x2f, 0x2f, 0x2f, 
	0x2f, 0x2c, 0x2c, 0x2e, 0x2f, 0x33, 0x33, 0x33, 0x04, 0x04, 0x05, 
	0x33, 0x32, 0x2f, 0x2d, 0x2d, 0x02, 0x08, 0x04, 0x33, 0x32, 0x32, 
	0x31, 0x33, 0x34, 0x08, 0x08, 0x35, 0x31, 0x31, 0x00, 0x00, 0x00, 
	0x02, 0x06, 0x00, 0x00, 0x00, 0x30, 0x2f, 0x05, 0x04, 0x08, 0x2e, 
	0x2d, 0x2d, 0x2f, 0x32, 0x33, 0x02, 0x05, 0x05, 0x05, 0x07, 0x2f, 
	0x32, 0x00, 0x00, 0x31, 0x2f, 0x2e, 0x2c, 0x2d, 0x00, 0x00, 0x02, 
	0x03, 0x34, 0x36, 0x31, 0x00, 0x00, 0x00, 0x00, 0x00, 0x00, 0x00, 
	0x3f, 0x00, 0x00, 0x00, 0x00, 0x00, 0x00, 0x00, 0x33, 0x36, 0x07, 
	0x03, 0x02, 0x00, 0x00, 0x00, 0x00, 0x00, 0x36, 0x04, 0x05, 0x04, 
	0x07, 0x00, 0x33, 0x30, 0x2f, 0x30, 0x05, 0x32, 0x00, 0x00, 0x33, 
	0x00, 0x32, 0x05, 0x06, 0x35, 0x32, 0x00, 0x00, 0x00, 0x00, 0x00, 
	0x00, 0x00, 0x00, 0x00, 0x00, 0x00, 0x33, 0x37, 0x34, 0x03, 0x05, 
	0x2d, 0x2d, 0x2f, 0x32, 0x33, 0x07, 0x02, 0x02, 0x33, 0x30, 0x2f, 
	0x2e, 0x2f, 0x06, 0x08, 0x08, 0x2c, 0x2d, 0x2d, 0x30, 0x33, 0x03, 
	0x03, 0x30, 0x30, 0x30, 0x30, 0x30, 0x30, 0x05, 0x04, 0x04, 0x02, 
	0x32, 0x30, 0x32, 0x32, 0x30, 0x34, 0x05, 0x02, 0x03, 0x02, 0x02, 
	0x33, 0x33, 0x33, 0x31, 0x2f, 0x30, 0x30, 0x2e, 0x2c, 0x05, 0x05, 
	0x02, 0x02, 0x05, 0x2e, 0x2e, 0x2e, 0x2e, 0x2e, 0x2d, 0x2f, 0x31, 
	0x33, 0x33, 0x03, 0x04, 0x08, 0x2e, 0x2d, 0x2d, 0x2d, 0x2f, 0x30, 
	0x02, 0x03, 0x2d, 0x2e, 0x2e, 0x2e, 0x2e, 0x04, 0x04, 0x04, 0x05, 
	0x2e, 0x2e, 0x2d, 0x2d, 0x2d, 0x2c, 0x2b, 0x2c, 0x2d, 0x32, 0x31, 
	0x31, 0x03, 0x08, 0x04, 0x33, 0x32, 0x2f, 0x2d, 0x2d, 0x06, 0x02, 
	0x03, 0x31, 0x30, 0x30, 0x30, 0x31, 0x06, 0x08, 0x08, 0x35, 0x31, 
	0x31, 0x00, 0x00, 0x00, 0x02, 0x06, 0x00, 0x33, 0x00, 0x30, 0x2d, 
	0x05, 0x08, 0x08, 0x2e, 0x2f, 0x30, 0x32, 0x33, 0x00, 0x02, 0x04, 
	0x05, 0x05, 0x31, 0x2f, 0x30, 0x30, 0x31, 0x32, 0x2e, 0x2c, 0x2c, 
	0x2e, 0x00, 0x00, 0x07, 0x02, 0x07, 0x35, 0x31, 0x00, 0x00, 0x00, 
	0x00, 0x00, 0x00, 0x00, 0x3f, 0x00, 0x00, 0x00, 0x00, 0x00, 0x00, 
	0x00, 0x33, 0x36, 0x07, 0x02, 0x02, 0x00, 0x00, 0x00, 0x00, 0x00, 
	0x36, 0x08, 0x04, 0x04, 0x32, 0x00, 0x30, 0x2d, 0x2e, 0x2d, 0x08, 
	0x36, 0x00, 0x33, 0x32, 0x31, 0x33, 0x05, 0x03, 0x34, 0x37, 0x00, 
	0x00, 0x00, 0x00, 0x00, 0x00, 0x00, 0x00, 0x00, 0x00, 0x00, 0x00, 
	0x37, 0x34, 0x03, 0x04, 0x2f, 0x2d, 0x2f, 0x32, 0x32, 0x2f, 0x2f, 
	0x2d, 0x32, 0x33, 0x31, 0x30, 0x32, 0x03, 0x08, 0x08, 0x2e, 0x2d, 
	0x2f, 0x30, 0x31, 0x03, 0x34, 0x33, 0x33, 0x30, 0x32, 0x33, 0x33, 
	0x05, 0x04, 0x04, 0x02, 0x2f, 0x2d, 0x30, 0x32, 0x30, 0x35, 0x04, 
	0x02, 0x02, 0x05, 0x02, 0x31, 0x31, 0x31, 0x33, 0x33, 0x33, 0x31, 
	0x30, 0x2d, 0x06, 0x05, 0x02, 0x02, 0x04, 0x2e, 0x2e, 0x2e, 0x2e, 
	0x2e, 0x2d, 0x2f, 0x32, 0x32, 0x32, 0x06, 0x04, 0x08, 0x2e, 0x2e, 
	0x2e, 0x2e, 0x2d, 0x2d, 0x05, 0x03, 0x2e, 0x2e, 0x2e, 0x2e, 0x2e, 
	0x04, 0x04, 0x04, 0x02, 0x2e, 0x2e, 0x2e, 0x2e, 0x2e, 0x05, 0x03, 
	0x30, 0x2f, 0x2f, 0x2d, 0x2f, 0x02, 0x08, 0x08, 0x31, 0x33, 0x31, 
	0x30, 0x30, 0x30, 0x32, 0x33, 0x33, 0x30, 0x31, 0x33, 0x33, 0x02, 
	0x08, 0x08, 0x36, 0x00, 0x00, 0x00, 0x00, 0x00, 0x02, 0x06, 0x00, 
	0x00, 0x00, 0x2f, 0x2d, 0x04, 0x08, 0x08, 0x2d, 0x32, 0x31, 0x32, 
	0x30, 0x31, 0x02, 0x04, 0x04, 0x02, 0x33, 0x32, 0x2e, 0x2e, 0x2f, 
	0x30, 0x02, 0x2f, 0x2f, 0x30, 0x00, 0x00, 0x36, 0x05, 0x06, 0x35, 
	0x32, 0x00, 0x00, 0x00, 0x00, 0x00, 0x00, 0x00, 0x3f, 0x00, 0x00, 
	0x00, 0x00, 0x00, 0x00, 0x00, 0x33, 0x36, 0x07, 0x02, 0x02, 0x00, 
	0x00, 0x00, 0x00, 0x00, 0x36, 0x08, 0x04, 0x08, 0x31, 0x31, 0x30, 
	0x30, 0x2f, 0x30, 0x08, 0x34, 0x2f, 0x2f, 0x2f, 0x30, 0x31, 0x05, 
	0x03, 0x34, 0x37, 0x33, 0x00, 0x00, 0x00, 0x00, 0x00, 0x00, 0x00, 
	0x00, 0x00, 0x00, 0x00, 0x37, 0x34, 0x06, 0x05, 0x34, 0x2d, 0x2d, 
	0x2f, 0x2f, 0x2d, 0x2d, 0x2d, 0x32, 0x00, 0x00, 0x33, 0x33, 0x05, 
	0x08, 0x08, 0x34, 0x2f, 0x2e, 0x2e, 0x2f, 0x03, 0x30, 0x33, 0x00, 
	0x32, 0x32, 0x00, 0x00, 0x05, 0x04, 0x04, 0x02, 0x2f, 0x2d, 0x2f, 
	0x2f, 0x2f, 0x2d, 0x04, 0x02, 0x02, 0x05, 0x06, 0x31, 0x32, 0x31, 
	0x31, 0x30, 0x30, 0x30, 0x30, 0x30, 0x07, 0x04, 0x02, 0x02, 0x04, 
	0x2e, 0x2e, 0x2e, 0x2e, 0x2d, 0x2d, 0x05, 0x08, 0x04, 0x05, 0x02, 
	0x05, 0x04, 0x2e, 0x2e, 0x2e, 0x2e, 0x2e, 0x2d, 0x05, 0x02, 0x2e, 
	0x2e, 0x2e, 0x2e, 0x2e, 0x04, 0x04, 0x04, 0x02, 0x2e, 0x2e, 0x2e, 
	0x2e, 0x2e, 0x04, 0x05, 0x30, 0x2d, 0x2d, 0x2d, 0x2d, 0x03, 0x08, 
	0x08, 0x36, 0x00, 0x00, 0x33, 0x33, 0x33, 0x33, 0x33, 0x33, 0x31, 
	0x2f, 0x2f, 0x31, 0x05, 0x08, 0x08, 0x36, 0x33, 0x33, 0x00, 0x00, 
	0x33, 0x02, 0x06, 0x33, 0x00, 0x00, 0x30, 0x2f, 0x05, 0x08, 0x08, 
	0x35, 0x32, 0x31, 0x33, 0x32, 0x33, 0x02, 0x04, 0x04, 0x03, 0x00, 
	0x31, 0x2d, 0x2d, 0x30, 0x07, 0x02, 0x33, 0x33, 0x33, 0x33, 0x33, 
	0x30, 0x05, 0x06, 0x34, 0x32, 0x00, 0x00, 0x00, 0x00, 0x00, 0x00, 
	0x00, 0x3f, 0x00, 0x00, 0x00, 0x00, 0x00, 0x00, 0x00, 0x33, 0x36, 
	0x07, 0x02, 0x05, 0x31, 0x31, 0x00, 0x00, 0x00, 0x36, 0x08, 0x04, 
	0x08, 0x2f, 0x2f, 0x30, 0x00, 0x00, 0x00, 0x08, 0x2c, 0x2c, 0x2e, 
	0x2d, 0x30, 0x31, 0x02, 0x03, 0x07, 0x37, 0x33, 0x00, 0x00, 0x00, 
	0x00, 0x00, 0x00, 0x00, 0x00, 0x00, 0x00, 0x00, 0x32, 0x35, 0x06, 
	0x05, 0x07, 0x2f, 0x2f, 0x2f, 0x2d, 0x2d, 0x2d, 0x2d, 0x30, 0x30, 
	0x30, 0x32, 0x32, 0x04, 0x08, 0x08, 0x36, 0x30, 0x2c, 0x2e, 0x2d, 
	0x2e, 0x30, 0x31, 0x00, 0x32, 0x31, 0x00, 0x00, 0x05, 0x04, 0x04, 
	0x02, 0x2f, 0x2d, 0x2d, 0x2d, 0x2d, 0x2e, 0x04, 0x02, 0x02, 0x04, 
	0x2e, 0x30, 0x30, 0x30, 0x30, 0x2f, 0x2d, 0x2d, 0x2f, 0x2f, 0x2f, 
	0x04, 0x05, 0x05, 0x04, 0x34, 0x2d, 0x2e, 0x2d, 0x2d, 0x2d, 0x05, 
	0x08, 0x05, 0x02, 0x03, 0x02, 0x04, 0x2e, 0x2e, 0x2e, 0x2e, 0x2e, 
	0x2d, 0x05, 0x02, 0x2e, 0x2e, 0x2e, 0x2e, 0x2e, 0x04, 0x04, 0x04, 
	0x02, 0x2e, 0x2e, 0x2e, 0x2e, 0x2e, 0x04, 0x02, 0x2d, 0x2d, 0x2e, 
	0x2e, 0x2e, 0x02, 0x08, 0x08, 0x34, 0x00, 0x00, 0x00, 0x00, 0x00, 
	0x00, 0x00, 0x00, 0x00, 0x2f, 0x2f, 0x31, 0x04, 0x08, 0x08, 0x36, 
	0x33, 0x33, 0x00, 0x31, 0x30, 0x02, 0x03, 0x30, 0x33, 0x00, 0x31, 
	0x32, 0x05, 0x08, 0x08, 0x35, 0x30, 0x32, 0x00, 0x00, 0x00, 0x02, 
	0x08, 0x08, 0x03, 0x00, 0x33, 0x30, 0x30, 0x32, 0x07, 0x05, 0x33, 
	0x00, 0x33, 0x33, 0x33, 0x32, 0x05, 0x06, 0x34, 0x37, 0x00, 0x00, 
	0x00, 0x00, 0x00, 0x00, 0x00, 0x00, 0x00, 0x00, 0x00, 0x00, 0x00, 
	0x00, 0x00, 0x33, 0x36, 0x07, 0x02, 0x05, 0x2f, 0x30, 0x33, 0x00, 
	0x00, 0x36, 0x08, 0x08, 0x04, 0x2e, 0x2e, 0x2e, 0x00, 0x00, 0x00, 
	0x08, 0x2b, 0x2b, 0x2b, 0x2f, 0x33, 0x00, 0x02, 0x03, 0x07, 0x36, 
	0x31, 0x33, 0x33, 0x33, 0x33, 0x33, 0x33, 0x00, 0x00, 0x00, 0x00, 
	0x00, 0x32, 0x35, 0x06, 0x05, 0x06, 0x32, 0x32, 0x32, 0x30, 0x2d, 
	0x2e, 0x2e, 0x2d, 0x2d, 0x2e, 0x2d, 0x2d, 0x08, 0x08, 0x08, 0x36, 
	0x32, 0x2d, 0x2d, 0x2f, 0x33, 0x00, 0x00, 0x33, 0x31, 0x33, 0x00, 
	0x00, 0x05, 0x04, 0x04, 0x02, 0x30, 0x2f, 0x2d, 0x2e, 0x2e, 0x2e, 
	0x04, 0x05, 0x05, 0x04, 0x2e, 0x2d, 0x2d, 0x2f, 0x2f, 0x2d, 0x2d, 
	0x2e, 0x2d, 0x2d, 0x2f, 0x04, 0x05, 0x05, 0x04, 0x36, 0x30, 0x2f, 
	0x2f, 0x2d, 0x2e, 0x05, 0x08, 0x05, 0x03, 0x03, 0x02, 0x04, 0x2e, 
	0x2e, 0x2e, 0x2d, 0x2e, 0x2e, 0x05, 0x02, 0x2e, 0x2e, 0x2e, 0x2e, 
	0x2e, 0x04, 0x04, 0x04, 0x06, 0x2e, 0x2e, 0x2e, 0x2c, 0x2c, 0x04, 
	0x06, 0x2e, 0x2e, 0x2e, 0x2e, 0x2e, 0x05, 0x08, 0x08, 0x06, 0x33, 
	0x00, 0x00, 0x00, 0x00, 0x00, 0x00, 0x00, 0x00, 0x32, 0x32, 0x31, 
	0x04, 0x08, 0x08, 0x35, 0x33, 0x00, 0x00, 0x30, 0x2d, 0x05, 0x02, 
	0x2f, 0x30, 0x00, 0x00, 0x31, 0x05, 0x08, 0x08, 0x2d, 0x2d, 0x30, 
	0x33, 0x00, 0x00, 0x02, 0x08, 0x08, 0x03, 0x00, 0x00, 0x31, 0x31, 
	0x31, 0x07, 0x05, 0x00, 0x00, 0x33, 0x33, 0x31, 0x33, 0x05, 0x03, 
	0x34, 0x37, 0x00, 0x00, 0x00, 0x00, 0x00, 0x00, 0x00, 0x03, 0x00, 
	0x00, 0x00, 0x00, 0x00, 0x00, 0x00, 0x33, 0x36, 0x07, 0x02, 0x05, 
	0x30, 0x32, 0x00, 0x00, 0x33, 0x35, 0x08, 0x08, 0x04, 0x30, 0x30, 
	0x30, 0x00, 0x33, 0x30, 0x08, 0x2c, 0x2c, 0x2c, 0x2f, 0x30, 0x30, 
	0x02, 0x02, 0x07, 0x35, 0x37, 0x37, 0x36, 0x36, 0x36, 0x37, 0x32, 
	0x31, 0x33, 0x00, 0x00, 0x00, 0x31, 0x35, 0x07, 0x02, 0x02, 0x31, 
	0x31, 0x32, 0x30, 0x2e, 0x08, 0x02, 0x2d, 0x2d, 0x2f, 0x2d, 0x2c, 
	0x08, 0x04, 0x08, 0x35, 0x31, 0x30, 0x30, 0x30, 0x2f, 0x30, 0x30, 
	0x30, 0x30, 0x32, 0x33, 0x00, 0x05, 0x04, 0x04, 0x05, 0x30, 0x2f, 
	0x2d, 0x2e, 0x2e, 0x2e, 0x04, 0x05, 0x05, 0x04, 0x2e, 0x2e, 0x2e, 
	0x2e, 0x2e, 0x2d, 0x2e, 0x2e, 0x2d, 0x30, 0x32, 0x05, 0x05, 0x05, 
	0x04, 0x35, 0x2f, 0x2f, 0x2f, 0x2d, 0x2e, 0x05, 0x08, 0x05, 0x02, 
	0x03, 0x02, 0x04, 0x2e, 0x2e, 0x2d, 0x2d, 0x2d, 0x2d, 0x05, 0x03, 
	0x2c, 0x2c, 0x2b, 0x2e, 0x2e, 0x05, 0x05, 0x05, 0x06, 0x2e, 0x2e, 
	0x2e, 0x2c, 0x2e, 0x2e, 0x2e, 0x2e, 0x2e, 0x2e, 0x2e, 0x2e, 0x05, 
	0x04, 0x08, 0x03, 0x33, 0x00, 0x00, 0x00, 0x35, 0x08, 0x03, 0x31, 
	0x30, 0x2f, 0x2f, 0x34, 0x08, 0x04, 0x08, 0x2e, 0x2f, 0x2f, 0x2f, 
	0x2d, 0x2d, 0x05, 0x03, 0x2d, 0x30, 0x00, 0x00, 0x33, 0x05, 0x08, 
	0x08, 0x2c, 0x2f, 0x31, 0x00, 0x00, 0x00, 0x02, 0x08, 0x08, 0x03, 
	0x00, 0x00, 0x33, 0x31, 0x30, 0x07, 0x05, 0x33, 0x00, 0x00, 0x33, 
	0x33, 0x00, 0x05, 0x03, 0x34, 0x37, 0x00, 0x00, 0x00, 0x00, 0x00, 
	0x00, 0x00, 0x00, 0x00, 0x00, 0x00, 0x00, 0x00, 0x00, 0x00, 0x33, 
	0x36, 0x07, 0x02, 0x02, 0x33, 0x33, 0x31, 0x30, 0x30, 0x2d, 0x08, 
	0x08, 0x04, 0x00, 0x33, 0x31, 0x00, 0x31, 0x2f, 0x08, 0x2c, 0x2e, 
	0x2e, 0x30, 0x30, 0x30, 0x05, 0x02, 0x06, 0x34, 0x34, 0x34, 0x07, 
	0x07, 0x07, 0x34, 0x35, 0x37, 0x32, 0x33, 0x00, 0x00, 0x31, 0x36, 
	0x07, 0x02, 0x02, 0x33, 0x31, 0x30, 0x30, 0x2d, 0x08, 0x03, 0x2d, 
	0x2f, 0x30, 0x30, 0x2c, 0x04, 0x04, 0x08, 0x2d, 0x30, 0x31, 0x30, 
	0x2f, 0x2d, 0x2e, 0x2e, 0x2f, 0x2e, 0x2e, 0x2d, 0x30, 0x04, 0x04, 
	0x04, 0x05, 0x2f, 0x2d, 0x2e, 0x2e, 0x2e, 0x2e, 0x04, 0x05, 0x05, 
	0x05, 0x2e, 0x2e, 0x2e, 0x2e, 0x2e, 0x2e, 0x2e, 0x2e, 0x2c, 0x2f, 
	0x31, 0x02, 0x04, 0x05, 0x04, 0x34, 0x2d, 0x2d, 0x2f, 0x2d, 0x2e, 
	0x03, 0x05, 0x02, 0x03, 0x02, 0x05, 0x04, 0x2e, 0x2e, 0x2d, 0x2d, 
	0x2d, 0x2e, 0x05, 0x06, 0x2c, 0x2c, 0x2b, 0x2e, 0x2e, 0x05, 0x05, 
	0x02, 0x05, 0x04, 0x08, 0x08, 0x04, 0x2e, 0x2e, 0x2e, 0x2e, 0x2e, 
	0x2e, 0x2e, 0x2e, 0x05, 0x04, 0x04, 0x02, 0x33, 0x00, 0x33, 0x33, 
	0x32, 0x08, 0x06, 0x30, 0x2d, 0x2d, 0x2d, 0x06, 0x04, 0x04, 0x08, 
	0x2e, 0x2e, 0x2e, 0x2d, 0x2d, 0x2d, 0x05, 0x06, 0x2f, 0x30, 0x00, 
	0x00, 0x00, 0x04, 0x04, 0x08, 0x2e, 0x30, 0x31, 0x31, 0x00, 0x00, 
	0x02, 0x08, 0x08, 0x03, 0x00, 0x31, 0x32, 0x32, 0x32, 0x07, 0x05, 
	0x31, 0x33, 0x00, 0x31, 0x30, 0x32, 0x04, 0x03, 0x34, 0x37, 0x00, 
	0x00, 0x00, 0x00, 0x00, 0x00, 0x00, 0x11, 0x00, 0x00, 0x00, 0x00, 
	0x00, 0x00, 0x00, 0x33, 0x36, 0x07, 0x02, 0x02, 0x00, 0x33, 0x30, 
	0x2d, 0x2e, 0x2e, 0x08, 0x08, 0x04, 0x00, 0x32, 0x32, 0x00, 0x32, 
	0x2f, 0x08, 0x2e, 0x2d, 0x2f, 0x33, 0x33, 0x33, 0x05, 0x02, 0x03, 
	0x06, 0x06, 0x03, 0x03, 0x03, 0x03, 0x06, 0x07, 0x34, 0x36, 0x32, 
	0x33, 0x00, 0x33, 0x36, 0x07, 0x02, 0x05, 0x31, 0x32, 0x30, 0x2f, 
	0x2d, 0x08, 0x07, 0x30, 0x30, 0x31, 0x33, 0x05, 0x04, 0x04, 0x04, 
	0x2e, 0x2d, 0x30, 0x2f, 0x2e, 0x2e, 0x2c, 0x2c, 0x2e, 0x2c, 0x2c, 
	0x2c, 0x2d, 0x04, 0x04, 0x04, 0x05, 0x2f, 0x2e, 0x2e, 0x2e, 0x2e, 
	0x2e, 0x04, 0x05, 0x04, 0x05, 0x2e, 0x2e, 0x2e, 0x2e, 0x2e, 0x2e, 
	0x2c, 0x2c, 0x2c, 0x2e, 0x30, 0x03, 0x04, 0x05, 0x04, 0x2d, 0x2d, 
	0x2e, 0x2e, 0x2e, 0x2e, 0x2e, 0x2e, 0x2e, 0x2e, 0x05, 0x05, 0x04, 
	0x2e, 0x2e, 0x2e, 0x2e, 0x2d, 0x2e, 0x03, 0x2e, 0x2e, 0x2e, 0x2e, 
	0x2e, 0x2e, 0x05, 0x02, 0x03, 0x02, 0x04, 0x08, 0x05, 0x2e, 0x2e, 
	0x2e, 0x2e, 0x2e, 0x2e, 0x2d, 0x2d, 0x2e, 0x05, 0x05, 0x05, 0x05, 
	0x00, 0x00, 0x31, 0x33, 0x00, 0x04, 0x07, 0x30, 0x2d, 0x2e, 0x2d, 
	0x03, 0x04, 0x04, 0x04, 0x2e, 0x2e, 0x2e, 0x2e, 0x2e, 0x2e, 0x06, 
	0x2d, 0x30, 0x31, 0x00, 0x00, 0x32, 0x04, 0x04, 0x08, 0x36, 0x31, 
	0x32, 0x32, 0x33, 0x00, 0x02, 0x08, 0x08, 0x06, 0x33, 0x30, 0x30, 
	0x30, 0x00, 0x07, 0x05, 0x31, 0x33, 0x00, 0x32, 0x2d, 0x30, 0x04, 
	0x03, 0x34, 0x37, 0x00, 0x00, 0x00, 0x00, 0x00, 0x00, 0x00, 0x3f, 
	0x00, 0x00, 0x00, 0x00, 0x00, 0x00, 0x00, 0x33, 0x36, 0x07, 0x02, 
	0x02, 0x00, 0x31, 0x2f, 0x2d, 0x2e, 0x2e, 0x08, 0x08, 0x04, 0x00, 
	0x33, 0x33, 0x00, 0x31, 0x30, 0x08, 0x2e, 0x2d, 0x2f, 0x31, 0x00, 
	0x00, 0x05, 0x05, 0x02, 0x02, 0x02, 0x06, 0x03, 0x03, 0x06, 0x03, 
	0x03, 0x06, 0x34, 0x37, 0x31, 0x00, 0x33, 0x37, 0x07, 0x03, 0x05, 
	0x32, 0x32, 0x31, 0x31, 0x32, 0x04, 0x36, 0x31, 0x31, 0x33, 0x33, 
	0x05, 0x04, 0x04, 0x04, 0x2d, 0x2d, 0x2e, 0x2e, 0x2e, 0x2e, 0x2c, 
	0x2c, 0x2e, 0x2e, 0x2e, 0x2e, 0x2e, 0x04, 0x04, 0x04, 0x05, 0x2d, 
	0x2e, 0x2e, 0x2e, 0x2e, 0x2e, 0x04, 0x04, 0x04, 0x05, 0x2e, 0x2e, 
	0x2e, 0x2e, 0x2e, 0x2e, 0x2c, 0x2c, 0x2c, 0x2e, 0x2f, 0x03, 0x04, 
	0x04, 0x04, 0x2e, 0x2d, 0x2e, 0x2e, 0x2e, 0x2e, 0x2e, 0x2e, 0x2e, 
	0x2e, 0x04, 0x04, 0x04, 0x2e, 0x2e, 0x2e, 0x2e, 0x2e, 0x2e, 0x2e, 
	0x2e, 0x2e, 0x2e, 0x2e, 0x2e, 0x05, 0x05, 0x02, 0x03, 0x02, 0x04, 
	0x05, 0x2e, 0x2e, 0x2e, 0x2e, 0x2e, 0x2e, 0x2d, 0x2f, 0x30, 0x03, 
	0x02, 0x02, 0x05, 0x05, 0x00, 0x00, 0x00, 0x00, 0x00, 0x04, 0x36, 
	0x30, 0x2d, 0x2d, 0x2d, 0x02, 0x04, 0x04, 0x04, 0x2e, 0x2e, 0x2e, 
	0x2e, 0x2e, 0x2d, 0x2d, 0x30, 0x31, 0x33, 0x33, 0x31, 0x03, 0x04, 
	0x04, 0x08, 0x35, 0x33, 0x32, 0x32, 0x33, 0x00, 0x02, 0x08, 0x08, 
	0x06, 0x00, 0x33, 0x31, 0x31, 0x00, 0x07, 0x05, 0x31, 0x00, 0x00, 
	0x31, 0x2f, 0x30, 0x04, 0x03, 0x34, 0x37, 0x00, 0x00, 0x00, 0x00, 
	0x00, 0x00, 0x00, 0x00, 0x00, 0x00, 0x00, 0x00, 0x00, 0x00, 0x00, 
	0x31, 0x36, 0x07, 0x02, 0x05, 0x33, 0x32, 0x2f, 0x2d, 0x2e, 0x2e, 
	0x08, 0x08, 0x04, 0x00, 0x00, 0x00, 0x33, 0x31, 0x30, 0x08, 0x2e, 
	0x2d, 0x2f, 0x2f, 0x30, 0x30, 0x05, 0x04, 0x05, 0x02, 0x37, 0x33, 
	0x00, 0x00, 0x00, 0x00, 0x07, 0x03, 0x07, 0x35, 0x32, 0x33, 0x00, 
	0x37, 0x34, 0x03, 0x04, 0x31, 0x33, 0x00, 0x00, 0x33, 0x05, 0x32, 
	0x33, 0x33, 0x00, 0x00, 0x05, 0x04, 0x05, 0x04, 0x34, 0x2f, 0x2c, 
	0x2c, 0x2e, 0x2e, 0x2e, 0x2e, 0x2e, 0x2e, 0x2e, 0x2e, 0x2e, 0x04, 
	0x04, 0x04, 0x05, 0x2e, 0x2e, 0x2e, 0x2e, 0x2e, 0x2e, 0x04, 0x04, 
	0x04, 0x03, 0x2e, 0x2e, 0x2e, 0x2e, 0x2e, 0x2e, 0x2c, 0x2b, 0x2b, 
	0x2c, 0x2e, 0x06, 0x04, 0x04, 0x08, 0x2e, 0x2d, 0x2e, 0x2e, 0x2e, 
	0x2e, 0x2e, 0x2e, 0x2e, 0x2e, 0x04, 0x04, 0x04, 0x2e, 0x2e, 0x2e, 
	0x2e, 0x2e, 0x2e, 0x2e, 0x2e, 0x2e, 0x2e, 0x2e, 0x03, 0x08, 0x05, 
	0x02, 0x02, 0x05, 0x04, 0x2c, 0x2e, 0x2e, 0x2e, 0x2e, 0x2e, 0x2e, 
	0x2e, 0x2d, 0x03, 0x05, 0x03, 0x03, 0x02, 0x04, 0x00, 0x00, 0x00, 
	0x00, 0x33, 0x02, 0x30, 0x30, 0x2d, 0x2d, 0x2f, 0x05, 0x04, 0x05, 
	0x04, 0x2e, 0x2e, 0x2e, 0x2e, 0x2e, 0x2e, 0x2e, 0x2f, 0x30, 0x30, 
	0x30, 0x06, 0x08, 0x04, 0x04, 0x08, 0x36, 0x33, 0x31, 0x31, 0x00, 
	0x00, 0x02, 0x08, 0x08, 0x06, 0x33, 0x00, 0x33, 0x33, 0x00, 0x34, 
	0x05, 0x33, 0x00, 0x00, 0x33, 0x32, 0x31, 0x04, 0x03, 0x34, 0x37, 
	0x00, 0x00, 0x00, 0x00, 0x00, 0x00, 0x00, 0x00, 0x00, 0x00, 0x00, 
	0x00, 0x00, 0x33, 0x31, 0x37, 0x34, 0x06, 0x05, 0x05, 0x33, 0x32, 
	0x2f, 0x2d, 0x2d, 0x2e, 0x08, 0x08, 0x04, 0x33, 0x00, 0x00, 0x33, 
	0x32, 0x2f, 0x08, 0x2e, 0x2d, 0x2d, 0x2d, 0x2f, 0x30, 0x05, 0x04, 
	0x04, 0x07, 0x31, 0x33, 0x00, 0x00, 0x33, 0x33, 0x00, 0x03, 0x06, 
	0x34, 0x37, 0x33, 0x00, 0x37, 0x34, 0x06, 0x05, 0x36, 0x33, 0x33, 
	0x31, 0x31, 0x03, 0x33, 0x33, 0x33, 0x33, 0x00, 0x05, 0x05, 0x05, 
	0x04, 0x35, 0x2f, 0x2c, 0x2c, 0x2e, 0x2e, 0x2e, 0x2e, 0x2e, 0x2e, 
	0x2e, 0x2e, 0x2e, 0x04, 0x04, 0x04, 0x04, 0x2c, 0x2c, 0x2e, 0x2e, 
	0x2e, 0x2e, 0x08, 0x04, 0x08, 0x03, 0x2e, 0x2e, 0x2e, 0x2e, 0x2e, 
	0x03, 0x2c, 0x2b, 0x2b, 0x2b, 0x2c, 0x34, 0x08, 0x04, 0x08, 0x2e, 
	0x2e, 0x2e, 0x2e, 0x2e, 0x2e, 0x2e, 0x2e, 0x2e, 0x2e, 0x05, 0x05, 
	0x04, 0x2e, 0x2e, 0x2e, 0x2e, 0x2e, 0x2e, 0x2e, 0x2e, 0x2e, 0x2e, 
	0x2e, 0x2e, 0x02, 0x04, 0x05, 0x05, 0x08, 0x2b, 0x2c, 0x2c, 0x2e, 
	0x2e, 0x2e, 0x2e, 0x2c, 0x2c, 0x05, 0x04, 0x02, 0x06, 0x06, 0x03, 
	0x05, 0x36, 0x00, 0x00, 0x33, 0x33, 0x03, 0x31, 0x30, 0x2d, 0x2d, 
	0x2d, 0x04, 0x05, 0x05, 0x04, 0x2e, 0x2e, 0x2e, 0x2e, 0x2e, 0x2e, 
	0x2c, 0x2e, 0x2d, 0x2f, 0x2d, 0x2d, 0x03, 0x04, 0x04, 0x08, 0x36, 
	0x33, 0x31, 0x31, 0x33, 0x00, 0x02, 0x08, 0x08, 0x06, 0x32, 0x33, 
	0x00, 0x00, 0x00, 0x34, 0x05, 0x00, 0x00, 0x00, 0x00, 0x00, 0x00, 
	0x04, 0x03, 0x34, 0x37, 0x00, 0x00, 0x00, 0x00, 0x00, 0x00, 0x00, 
	0x00, 0x00, 0x00, 0x00, 0x00, 0x33, 0x31, 0x37, 0x35, 0x07, 0x03, 
	0x05, 0x05, 0x00, 0x33, 0x32, 0x2f, 0x2d, 0x35, 0x08, 0x08, 0x04, 
	0x00, 0x00, 0x00, 0x00, 0x30, 0x2d, 0x08, 0x2e, 0x2d, 0x2d, 0x2f, 
	0x30, 0x32, 0x05, 0x08, 0x08, 0x2f, 0x33, 0x00, 0x00, 0x34, 0x30, 
	0x30, 0x33, 0x06, 0x03, 0x07, 0x36, 0x31, 0x00, 0x32, 0x35, 0x06, 
	0x05, 0x07, 0x32, 0x30, 0x2f, 0x2f, 0x07, 0x31, 0x33, 0x31, 0x30, 
	0x31, 0x04, 0x05, 0x05, 0x04, 0x35, 0x32, 0x30, 0x2f, 0x2d, 0x2e, 
	0x2c, 0x2c, 0x2e, 0x2e, 0x2e, 0x2e, 0x2e, 0x04, 0x04, 0x04, 0x08, 
	0x2b, 0x2b, 0x2c, 0x2e, 0x2e, 0x2e, 0x08, 0x04, 0x08, 0x2e, 0x2e, 
	0x2e, 0x2e, 0x2e, 0x2e, 0x02, 0x2c, 0x2b, 0x2b, 0x2c, 0x2e, 0x2f, 
	0x08, 0x04, 0x08, 0x2e, 0x2e, 0x2e, 0x2e, 0x2e, 0x2e, 0x2e, 0x2e, 
	0x2e, 0x2e, 0x05, 0x05, 0x04, 0x2e, 0x2e, 0x2e, 0x2e, 0x2e, 0x2e, 
	0x2e, 0x2e, 0x2e, 0x2e, 0x2e, 0x2e, 0x2c, 0x04, 0x05, 0x04, 0x2b, 
	0x2b, 0x2c, 0x2c, 0x2e, 0x2e, 0x2e, 0x2e, 0x2e, 0x08, 0x08, 0x05, 
	0x03, 0x06, 0x06, 0x03, 0x05, 0x34, 0x00, 0x00, 0x00, 0x00, 0x34, 
	0x00, 0x32, 0x2d, 0x2d, 0x2e, 0x04, 0x05, 0x05, 0x04, 0x2e, 0x2e, 
	0x2e, 0x2e, 0x2e, 0x2e, 0x2e, 0x2e, 0x2d, 0x2d, 0x2d, 0x2e, 0x2e, 
	0x04, 0x04, 0x08, 0x36, 0x00, 0x00, 0x33, 0x31, 0x33, 0x02, 0x08, 
	0x08, 0x02, 0x2f, 0x31, 0x33, 0x00, 0x00, 0x34, 0x05, 0x00, 0x00, 
	0x00, 0x00, 0x00, 0x00, 0x04, 0x03, 0x34, 0x37, 0x00, 0x00, 0x00, 
	0x00, 0x00, 0x00, 0x00, 0x00, 0x00, 0x00, 0x00, 0x00, 0x33, 0x37, 
	0x36, 0x34, 0x03, 0x05, 0x08, 0x02, 0x00, 0x00, 0x31, 0x30, 0x30, 
	0x35, 0x08, 0x04, 0x04, 0x31, 0x32, 0x32, 0x00, 0x32, 0x2f, 0x08, 
	0x2e, 0x2f, 0x30, 0x32, 0x31, 0x33, 0x05, 0x08, 0x08, 0x32, 0x33, 
	0x00, 0x00, 0x06, 0x31, 0x32, 0x30, 0x06, 0x02, 0x07, 0x36, 0x31, 
	0x00, 0x32, 0x35, 0x06, 0x05, 0x06, 0x2f, 0x2d, 0x2d, 0x2d, 0x2d, 
	0x2f, 0x32, 0x31, 0x32, 0x37, 0x04, 0x05, 0x05, 0x04, 0x35, 0x32, 
	0x32, 0x2d, 0x2e, 0x2e, 0x2e, 0x2e, 0x2e, 0x2e, 0x2e, 0x2e, 0x2e, 
	0x04, 0x04, 0x04, 0x08, 0x2b, 0x2b, 0x2c, 0x2e, 0x2e, 0x2e, 0x08, 
	0x08, 0x04, 0x2e, 0x2e, 0x2e, 0x2e, 0x2e, 0x2e, 0x05, 0x2e, 0x2c, 
	0x2c, 0x2e, 0x2e, 0x2e, 0x08, 0x08, 0x08, 0x2e, 0x2e, 0x2e, 0x2e, 
	0x2e, 0x2e, 0x05, 0x08, 0x04, 0x05, 0x02, 0x02, 0x04, 0x2e, 0x2e, 
	0x2e, 0x2e, 0x2e, 0x2e, 0x05, 0x2e, 0x2e, 0x2e, 0x2e, 0x2e, 0x2e, 
	0x04, 0x04, 0x04, 0x2b, 0x2b, 0x2c, 0x2e, 0x2e, 0x2e, 0x2e, 0x03, 
	0x08, 0x08, 0x08, 0x05, 0x03, 0x06, 0x06, 0x03, 0x05, 0x06, 0x33, 
	0x00, 0x00, 0x00, 0x37, 0x32, 0x2f, 0x2d, 0x2e, 0x2e, 0x04, 0x05, 
	0x05, 0x04, 0x2e, 0x2e, 0x2e, 0x2e, 0x2e, 0x2e, 0x05, 0x2e, 0x2d, 
	0x2d, 0x2f, 0x2d, 0x2d, 0x04, 0x04, 0x08, 0x36, 0x00, 0x00, 0x32, 
	0x2f, 0x30, 0x02, 0x08, 0x08, 0x02, 0x2d, 0x2f, 0x30, 0x33, 0x00, 
	0x34, 0x05, 0x00, 0x00, 0x00, 0x00, 0x00, 0x31, 0x05, 0x03, 0x34, 
	0x37, 0x00, 0x00, 0x00, 0x00, 0x00, 0x00, 0x00, 0x00, 0x00, 0x00, 
	0x00, 0x00, 0x31, 0x37, 0x34, 0x06, 0x06, 0x03, 0x03, 0x33, 0x00, 
	0x00, 0x33, 0x31, 0x31, 0x36, 0x08, 0x04, 0x08, 0x32, 0x30, 0x2f, 
	0x30, 0x30, 0x2f, 0x08, 0x34, 0x32, 0x33, 0x00, 0x00, 0x33, 0x05, 
	0x08, 0x08, 0x33, 0x00, 0x00, 0x33, 0x06, 0x00, 0x30, 0x2d, 0x03, 
	0x02, 0x06, 0x35, 0x31, 0x00, 0x31, 0x35, 0x07, 0x02, 0x02, 0x2d, 
	0x2e, 0x2e, 0x2e, 0x2e, 0x2d, 0x30, 0x31, 0x31, 0x07, 0x05, 0x02, 
	0x02, 0x04, 0x35, 0x31, 0x32, 0x2d, 0x2e, 0x2e, 0x2e, 0x06, 0x2e, 
	0x2e, 0x2e, 0x2e, 0x2e, 0x04, 0x04, 0x04, 0x08, 0x2b, 0x2b, 0x2c, 
	0x2e, 0x2e, 0x2e, 0x08, 0x08, 0x04, 0x2e, 0x2e, 0x2e, 0x2e, 0x2e, 
	0x2e, 0x04, 0x2e, 0x2c, 0x2c, 0x2e, 0x2c, 0x2c, 0x04, 0x08, 0x08, 
	0x2e, 0x2e, 0x2e, 0x2e, 0x2e, 0x2e, 0x05, 0x08, 0x04, 0x02, 0x02, 
	0x02, 0x04, 0x2e, 0x2e, 0x2e, 0x2e, 0x2e, 0x2e, 0x05, 0x03, 0x2e, 
	0x2e, 0x2e, 0x2e, 0x2e, 0x04, 0x04, 0x08, 0x2b, 0x2b, 0x2c, 0x2e, 
	0x2e, 0x2e, 0x03, 0x05, 0x05, 0x05, 0x05, 0x05, 0x03, 0x06, 0x06, 
	0x03, 0x05, 0x03, 0x33, 0x33, 0x31, 0x30, 0x30, 0x2f, 0x2d, 0x2e, 
	0x2e, 0x03, 0x05, 0x02, 0x02, 0x04, 0x2e, 0x2e, 0x2e, 0x2e, 0x2e, 
	0x2e, 0x05, 0x03, 0x2e, 0x2d, 0x31, 0x30, 0x2f, 0x05, 0x08, 0x08, 
	0x36, 0x00, 0x30, 0x2d, 0x2d, 0x2d, 0x05, 0x08, 0x08, 0x05, 0x2e, 
	0x2d, 0x2f, 0x31, 0x00, 0x34, 0x05, 0x00, 0x00, 0x33, 0x31, 0x32, 
	0x31, 0x05, 0x03, 0x34, 0x37, 0x00, 0x00, 0x00, 0x00, 0x00, 0x00, 
	0x00, 0x00, 0x00, 0x00, 0x00, 0x00, 0x31, 0x36, 0x34, 0x06, 0x36, 
	0x33, 0x33, 0x31, 0x33, 0x00, 0x00, 0x00, 0x00, 0x36, 0x08, 0x04, 
	0x08, 0x32, 0x2f, 0x2d, 0x2d, 0x2d, 0x2d, 0x08, 0x36, 0x00, 0x00, 
	0x00, 0x33, 0x32, 0x05, 0x08, 0x08, 0x00, 0x00, 0x33, 0x31, 0x06, 
	0x33, 0x2f, 0x2e, 0x02, 0x02, 0x06, 0x35, 0x31, 0x00, 0x31, 0x36, 
	0x07, 0x02, 0x05, 0x2e, 0x2e, 0x2e, 0x2e, 0x2e, 0x2e, 0x30, 0x31, 
	0x00, 0x06, 0x05, 0x02, 0x02, 0x04, 0x35, 0x33, 0x30, 0x2f, 0x2d, 
	0x2e, 0x2e, 0x02, 0x2e, 0x2e, 0x2e, 0x2e, 0x2e, 0x04, 0x04, 0x04, 
	0x05, 0x2c, 0x2c, 0x2e, 0x2e, 0x2e, 0x2e, 0x08, 0x08, 0x05, 0x2c, 
	0x2c, 0x2e, 0x2e, 0x2e, 0x2e, 0x08, 0x2c, 0x2b, 0x2b, 0x2c, 0x2c, 
	0x2c, 0x05, 0x08, 0x08, 0x2e, 0x2e, 0x2e, 0x2e, 0x2e, 0x2e, 0x05, 
	0x08, 0x04, 0x05, 0x02, 0x02, 0x04, 0x2e, 0x2e, 0x2e, 0x2e, 0x2e, 
	0x2e, 0x05, 0x02, 0x2e, 0x2e, 0x2e, 0x2e, 0x2e, 0x04, 0x04, 0x08, 
	0x2c, 0x2e, 0x2e, 0x2e, 0x2e, 0x2e, 0x04, 0x2e, 0x2e, 0x2e, 0x2e, 
	0x2e, 0x2e, 0x03, 0x03, 0x03, 0x02, 0x02, 0x33, 0x32, 0x2f, 0x2d, 
	0x2e, 0x2e, 0x2e, 0x2e, 0x2e, 0x02, 0x05, 0x02, 0x02, 0x04, 0x2e, 
	0x2e, 0x2e, 0x2e, 0x2e, 0x2e, 0x05, 0x02, 0x2e, 0x2e, 0x33, 0x33, 
	0x30, 0x05, 0x08, 0x08, 0x36, 0x00, 0x2e, 0x2c, 0x2e, 0x2e, 0x05, 
	0x04, 0x04, 0x05, 0x2e, 0x2e, 0x2f, 0x32, 0x00, 0x34, 0x05, 0x00, 
	0x00, 0x32, 0x30, 0x2f, 0x32, 0x05, 0x06, 0x34, 0x37, 0x00, 0x00, 
	0x00, 0x00, 0x00, 0x00, 0x00, 0x00, 0x00, 0x00, 0x00, 0x00, 0x31, 
	0x36, 0x34, 0x03, 0x2d, 0x2d, 0x2d, 0x2d, 0x30, 0x33, 0x00, 0x00, 
	0x00, 0x36, 0x08, 0x04, 0x08, 0x2d, 0x2d, 0x2e, 0x2e, 0x2e, 0x2e, 
	0x08, 0x35, 0x00, 0x00, 0x00, 0x33, 0x32, 0x04, 0x08, 0x08, 0x00, 
	0x00, 0x00, 0x00, 0x06, 0x00, 0x30, 0x2d, 0x02, 0x02, 0x06, 0x35, 
	0x31, 0x00, 0x33, 0x36, 0x07, 0x02, 0x05, 0x2e, 0x2e, 0x2e, 0x2e, 
	0x2e, 0x2d, 0x30, 0x31, 0x32, 0x02, 0x05, 0x02, 0x02, 0x05, 0x2e, 
	0x33, 0x31, 0x30, 0x2f, 0x2e, 0x2e, 0x05, 0x2e, 0x2e, 0x2e, 0x2e, 
	0x2e, 0x04, 0x04, 0x04, 0x05, 0x2e, 0x2e, 0x2e, 0x2e, 0x2e, 0x2e, 
	0x08, 0x08, 0x02, 0x2e, 0x2e, 0x2e, 0x2e, 0x2e, 0x2e, 0x08, 0x2c, 
	0x2b, 0x2b, 0x2c, 0x2c, 0x2e, 0x05, 0x08, 0x08, 0x2e, 0x2e, 0x2e, 
	0x2e, 0x2e, 0x2e, 0x03, 0x05, 0x02, 0x03, 0x02, 0x05, 0x04, 0x2e, 
	0x2e, 0x2e, 0x2e, 0x2e, 0x2e, 0x05, 0x03, 0x2e, 0x2e, 0x2e, 0x2e, 
	0x2e, 0x04, 0x04, 0x08, 0x2e, 0x2e, 0x2e, 0x2e, 0x2e, 0x2d, 0x04, 
	0x2e, 0x2e, 0x2e, 0x2e, 0x2e, 0x2e, 0x02, 0x03, 0x03, 0x02, 0x02, 
	0x33, 0x30, 0x2d, 0x2e, 0x2e, 0x2e, 0x2e, 0x2e, 0x2e, 0x05, 0x05, 
	0x02, 0x02, 0x05, 0x2e, 0x2e, 0x2e, 0x2e, 0x2e, 0x2e, 0x05, 0x03, 
	0x2e, 0x2e, 0x32, 0x33, 0x33, 0x05, 0x08, 0x08, 0x36, 0x00, 0x2d, 
	0x2e, 0x2e, 0x2d, 0x05, 0x04, 0x04, 0x05, 0x2e, 0x2d, 0x30, 0x31, 
	0x00, 0x35, 0x02, 0x00, 0x00, 0x33, 0x31, 0x32, 0x36, 0x05, 0x06, 
	0x35, 0x32, 0x00, 0x00, 0x00, 0x00, 0x00, 0x00, 0x00, 0x00, 0x00, 
	0x00, 0x00, 0x00, 0x31, 0x36, 0x34, 0x06, 0x2e, 0x2e, 0x2d, 0x2d, 
	0x30, 0x33, 0x00, 0x00, 0x00, 0x36, 0x04, 0x04, 0x04, 0x2e, 0x2d, 
	0x2e, 0x2e, 0x2e, 0x2e, 0x08, 0x2d, 0x31, 0x00, 0x00, 0x33, 0x31, 
	0x04, 0x04, 0x08, 0x00, 0x00, 0x00, 0x00, 0x06, 0x00, 0x31, 0x30, 
	0x03, 0x02, 0x07, 0x35, 0x31, 0x00, 0x33, 0x37, 0x07, 0x03, 0x05, 
	0x2d, 0x2e, 0x2e, 0x2e, 0x2d, 0x2d, 0x30, 0x31, 0x32, 0x02, 0x02, 
	0x03, 0x02, 0x05, 0x2e, 0x30, 0x32, 0x31, 0x30, 0x2e, 0x06, 0x04, 
	0x2e, 0x2e, 0x2e, 0x2e, 0x2e, 0x04, 0x04, 0x04, 0x05, 0x2e, 0x2e, 
	0x2e, 0x2e, 0x2e, 0x2e, 0x08, 0x08, 0x03, 0x2e, 0x2e, 0x2e, 0x2e, 
	0x2e, 0x06, 0x08, 0x2c, 0x2b, 0x2b, 0x2c, 0x2e, 0x2e, 0x02, 0x08, 
	0x08, 0x2e, 0x2e, 0x2e, 0x2e, 0x2e, 0x2e, 0x2e, 0x2e, 0x2e, 0x2e, 
	0x05, 0x04, 0x04, 0x2e, 0x2e, 0x2e, 0x2e, 0x2e, 0x2e, 0x03, 0x2e, 
	0x2e, 0x2e, 0x2e, 0x2e, 0x2e, 0x04, 0x04, 0x04, 0x03, 0x2e, 0x2e, 
	0x2e, 0x2c, 0x2c, 0x2c, 0x2c, 0x2e, 0x2e, 0x2e, 0x2e, 0x2d, 0x05, 
	0x03, 0x03, 0x02, 0x05, 0x33, 0x2f, 0x2d, 0x2e, 0x2e, 0x2e, 0x2e, 
	0x2e, 0x2e, 0x05, 0x02, 0x03, 0x02, 0x05, 0x2e, 0x2e, 0x2e, 0x2e, 
	0x2e, 0x2e, 0x03, 0x2d, 0x2e, 0x2e, 0x31, 0x00, 0x00, 0x04, 0x04, 
	0x08, 0x35, 0x30, 0x2d, 0x2e, 0x2d, 0x2f, 0x02, 0x04, 0x04, 0x05, 
	0x2d, 0x2f, 0x30, 0x00, 0x00, 0x00, 0x35, 0x00, 0x00, 0x00, 0x33, 
	0x33, 0x35, 0x02, 0x06, 0x35, 0x32, 0x00, 0x00, 0x00, 0x00, 0x00, 
	0x00, 0x00, 0x00, 0x00, 0x00, 0x00, 0x00, 0x33, 0x37, 0x35, 0x07, 
	0x03, 0x05, 0x03, 0x2f, 0x32, 0x00, 0x00, 0x00, 0x00, 0x36, 0x04, 
	0x05, 0x05, 0x03, 0x2d, 0x2e, 0x2e, 0x2e, 0x2e, 0x03, 0x2d, 0x30, 
	0x00, 0x00, 0x00, 0x34, 0x04, 0x05, 0x04, 0x33, 0x31, 0x31, 0x33, 
	0x06, 0x00, 0x00, 0x33, 0x06, 0x02, 0x07, 0x36, 0x31, 0x00, 0x00, 
	0x37, 0x34, 0x03, 0x05, 0x2d, 0x2d, 0x2d, 0x2d, 0x2d, 0x30, 0x32, 
	0x32, 0x30, 0x05, 0x02, 0x03, 0x03, 0x05, 0x2e, 0x2f, 0x30, 0x30, 
	0x30, 0x2e, 0x02, 0x04, 0x2e, 0x2e, 0x2e, 0x2e, 0x2e, 0x04, 0x04, 
	0x04, 0x05, 0x2e, 0x2e, 0x2e, 0x2e, 0x2e, 0x2e, 0x08, 0x08, 0x06, 
	0x2e, 0x2e, 0x2e, 0x2e, 0x2e, 0x03, 0x08, 0x2c, 0x2c, 0x2c, 0x2e, 
	0x2e, 0x2e, 0x03, 0x08, 0x08, 0x2e, 0x2e, 0x2e, 0x2c, 0x2e, 0x2e, 
	0x2e, 0x2e, 0x2e, 0x2e, 0x05, 0x04, 0x04, 0x2e, 0x2e, 0x2e, 0x2e, 
	0x2e, 0x2e, 0x2e, 0x2e, 0x2e, 0x2e, 0x2e, 0x2e, 0x2e, 0x04, 0x05, 
	0x05, 0x02, 0x2e, 0x2c, 0x2c, 0x2b, 0x2b, 0x2b, 0x2c, 0x2e, 0x2e, 
	0x2e, 0x2d, 0x2d, 0x02, 0x06, 0x06, 0x03, 0x05, 0x31, 0x30, 0x2f, 
	0x2e, 0x2e, 0x2e, 0x2e, 0x2e, 0x2e, 0x05, 0x02, 0x03, 0x03, 0x05, 
	0x2e, 0x2e, 0x2e, 0x2e, 0x2e, 0x2d, 0x2d, 0x2f, 0x2e, 0x2e, 0x33, 
	0x00, 0x32, 0x04, 0x04, 0x04, 0x34, 0x2d, 0x2d, 0x2e, 0x2d, 0x30, 
	0x02, 0x04, 0x05, 0x05, 0x2d, 0x30, 0x31, 0x00, 0x33, 0x00, 0x00, 
	0x00, 0x00, 0x00, 0x00, 0x00, 0x06, 0x03, 0x07, 0x36, 0x31, 0x00, 
	0x00, 0x00, 0x00, 0x00, 0x00, 0x00, 0x00, 0x00, 0x00, 0x00, 0x00, 
	0x33, 0x32, 0x36, 0x34, 0x06, 0x02, 0x05, 0x05, 0x37, 0x00, 0x00, 
	0x00, 0x00, 0x36, 0x05, 0x02, 0x02, 0x05, 0x2d, 0x2d, 0x2d, 0x2d, 
	0x2f, 0x2f, 0x30, 0x31, 0x00, 0x00, 0x00, 0x02, 0x02, 0x02, 0x05, 
	0x34, 0x2f, 0x2f, 0x2f, 0x37, 0x00, 0x00, 0x00, 0x06, 0x03, 0x34, 
	0x36, 0x33, 0x00, 0x00, 0x37, 0x35, 0x06, 0x05, 0x35, 0x2f, 0x2f, 
	0x2f, 0x30, 0x31, 0x30, 0x2f, 0x2d, 0x05, 0x03, 0x06, 0x03, 0x05, 
	0x2c, 0x2d, 0x2d, 0x30, 0x31, 0x2f, 0x05, 0x04, 0x2e, 0x2e, 0x2e, 
	0x2e, 0x2e, 0x05, 0x05, 0x04, 0x05, 0x2e, 0x2e, 0x2e, 0x2e, 0x2e, 
	0x2e, 0x08, 0x08, 0x2e, 0x2e, 0x2e, 0x2e, 0x2c, 0x2c, 0x05, 0x08, 
	0x03, 0x2e, 0x2e, 0x2e, 0x2e, 0x2e, 0x2e, 0x08, 0x08, 0x2e, 0x2e, 
	0x2e, 0x2e, 0x2e, 0x2e, 0x2e, 0x2e, 0x2e, 0x2e, 0x05, 0x04, 0x04, 
	0x2e, 0x2e, 0x2e, 0x2e, 0x2e, 0x2c, 0x2c, 0x2e, 0x2e, 0x2e, 0x2e, 
	0x2e, 0x03, 0x02, 0x02, 0x02, 0x05, 0x2e, 0x2b, 0x2b, 0x2b, 0x2b, 
	0x2b, 0x2b, 0x2b, 0x2c, 0x2e, 0x2f, 0x03, 0x03, 0x06, 0x07, 0x06, 
	0x05, 0x36, 0x31, 0x2d, 0x2e, 0x2e, 0x2e, 0x2e, 0x2e, 0x2e, 0x05, 
	0x03, 0x06, 0x03, 0x05, 0x2e, 0x2e, 0x2e, 0x2e, 0x2d, 0x2f, 0x30, 
	0x30, 0x2e, 0x2c, 0x31, 0x00, 0x06, 0x05, 0x05, 0x04, 0x2d, 0x2d, 
	0x2e, 0x2e, 0x2e, 0x2f, 0x02, 0x05, 0x02, 0x05, 0x02, 0x30, 0x31, 
	0x31, 0x30, 0x33, 0x00, 0x00, 0x00, 0x00, 0x00, 0x36, 0x02, 0x06, 
	0x34, 0x37, 0x33, 0x00, 0x00, 0x00, 0x00, 0x00, 0x00, 0x00, 0x00, 
	0x00, 0x00, 0x00, 0x00, 0x00, 0x33, 0x32, 0x36, 0x34, 0x07, 0x03, 
	0x05, 0x05, 0x32, 0x33, 0x00, 0x00, 0x36, 0x02, 0x03, 0x03, 0x02, 
	0x02, 0x30, 0x30, 0x30, 0x32, 0x31, 0x31, 0x33, 0x00, 0x00, 0x03, 
	0x02, 0x03, 0x06, 0x02, 0x03, 0x2d, 0x2d, 0x2d, 0x32, 0x33, 0x00, 
	0x36, 0x02, 0x06, 0x35, 0x37, 0x33, 0x00, 0x00, 0x32, 0x35, 0x07, 
	0x02, 0x34, 0x31, 0x32, 0x32, 0x32, 0x30, 0x2f, 0x2d, 0x2e, 0x02, 
	0x06, 0x06, 0x06, 0x02, 0x2c, 0x2e, 0x2d, 0x2f, 0x31, 0x30, 0x08, 
	0x04, 0x2d, 0x2e, 0x2e, 0x2c, 0x2e, 0x02, 0x05, 0x05, 0x02, 0x2e, 
	0x2e, 0x2e, 0x2e, 0x2e, 0x2e, 0x04, 0x04, 0x2e, 0x2e, 0x2e, 0x2c, 
	0x2b, 0x2b, 0x04, 0x08, 0x03, 0x2e, 0x2e, 0x2d, 0x2d, 0x2d, 0x2d, 
	0x04, 0x04, 0x2e, 0x2e, 0x2e, 0x2e, 0x2e, 0x2d, 0x2d, 0x2e, 0x2e, 
	0x2e, 0x05, 0x05, 0x05, 0x2e, 0x2e, 0x2e, 0x2e, 0x2e, 0x2c, 0x2c, 
	0x2e, 0x2e, 0x2e, 0x2d, 0x2e, 0x02, 0x03, 0x06, 0x06, 0x02, 0x05, 
	0x2b, 0x2b, 0x2b, 0x2b, 0x2b, 0x2b, 0x2b, 0x2c, 0x2c, 0x06, 0x02, 
	0x06, 0x07, 0x34, 0x06, 0x02, 0x34, 0x30, 0x2d, 0x2e, 0x2e, 0x2e, 
	0x2e, 0x2e, 0x2e, 0x02, 0x06, 0x06, 0x06, 0x02, 0x2e, 0x2e, 0x2e, 
	0x2d, 0x2f, 0x32, 0x31, 0x31, 0x2e, 0x2c, 0x30, 0x36, 0x05, 0x02, 
	0x02, 0x05, 0x2d, 0x2d, 0x2e, 0x2e, 0x2e, 0x2f, 0x03, 0x02, 0x03, 
	0x03, 0x02, 0x06, 0x32, 0x33, 0x31, 0x33, 0x00, 0x00, 0x00, 0x00, 
	0x36, 0x02, 0x03, 0x07, 0x35, 0x32, 0x33, 0x00, 0x00, 0x00, 0x00, 
	0x00, 0x00, 0x00, 0x00, 0x00, 0x00, 0x00, 0x00, 0x00, 0x33, 0x33, 
	0x32, 0x37, 0x35, 0x07, 0x06, 0x02, 0x03, 0x33, 0x00, 0x00, 0x37, 
	0x03, 0x06, 0x07, 0x06, 0x03, 0x02, 0x03, 0x32, 0x00, 0x00, 0x33, 
	0x32, 0x03, 0x05, 0x03, 0x06, 0x07, 0x07, 0x06, 0x03, 0x03, 0x2e, 
	0x2d, 0x30, 0x33, 0x07, 0x02, 0x06, 0x34, 0x36, 0x32, 0x33, 0x00, 
	0x00, 0x31, 0x36, 0x34, 0x06, 0x34, 0x00, 0x00, 0x31, 0x32, 0x30, 
	0x2d, 0x2e, 0x2e, 0x03, 0x07, 0x07, 0x07, 0x06, 0x2c, 0x2e, 0x2e, 
	0x2f, 0x31, 0x07, 0x04, 0x05, 0x2f, 0x2e, 0x2c, 0x2c, 0x2e, 0x03, 
	0x03, 0x03, 0x03, 0x2e, 0x2e, 0x2e, 0x2e, 0x2e, 0x2e, 0x05, 0x02, 
	0x2e, 0x2e, 0x2e, 0x2c, 0x2b, 0x2b, 0x04, 0x04, 0x03, 0x2e, 0x2d, 
	0x2d, 0x2d, 0x2f, 0x2f, 0x05, 0x05, 0x2d, 0x2d, 0x2e, 0x2e, 0x2e, 
	0x2d, 0x2f, 0x2d, 0x2d, 0x2e, 0x02, 0x02, 0x02, 0x2e, 0x2e, 0x2e, 
	0x2e, 0x2e, 0x2e, 0x2e, 0x2e, 0x2e, 0x2e, 0x02, 0x02, 0x03, 0x07, 
	0x34, 0x07, 0x06, 0x03, 0x04, 0x2b, 0x2b, 0x2b, 0x2b, 0x2b, 0x2b, 
	0x08, 0x05, 0x02, 0x06, 0x34, 0x35, 0x35, 0x34, 0x06, 0x07, 0x2f, 
	0x2d, 0x2e, 0x2e, 0x2e, 0x2e, 0x2e, 0x2e, 0x03, 0x07, 0x07, 0x07, 
	0x06, 0x2e, 0x2e, 0x2d, 0x2d, 0x30, 0x33, 0x00, 0x31, 0x2e, 0x2e, 
	0x03, 0x02, 0x03, 0x06, 0x06, 0x03, 0x2d, 0x2d, 0x2d, 0x2d, 0x2d, 
	0x30, 0x06, 0x06, 0x07, 0x07, 0x06, 0x02, 0x02, 0x06, 0x00, 0x00, 
	0x00, 0x00, 0x35, 0x06, 0x05, 0x03, 0x07, 0x35, 0x37, 0x31, 0x00, 
	0x00, 0x00, 0x00, 0x00, 0x00, 0x00, 0x00, 0x00, 0x00, 0x00, 0x00, 
	0x00, 0x00, 0x00, 0x00, 0x33, 0x31, 0x37, 0x36, 0x34, 0x06, 0x03, 
	0x02, 0x02, 0x03, 0x06, 0x07, 0x34, 0x35, 0x34, 0x07, 0x06, 0x02, 
	0x02, 0x05, 0x05, 0x05, 0x02, 0x02, 0x06, 0x07, 0x34, 0x35, 0x35, 
	0x34, 0x07, 0x03, 0x02, 0x02, 0x05, 0x02, 0x03, 0x06, 0x07, 0x35, 
	0x37, 0x31, 0x00, 0x00, 0x00, 0x33, 0x37, 0x35, 0x07, 0x06, 0x02, 
	0x05, 0x05, 0x05, 0x05, 0x05, 0x02, 0x03, 0x07, 0x34, 0x35, 0x34, 
	0x07, 0x06, 0x02, 0x02, 0x02, 0x02, 0x02, 0x03, 0x03, 0x02, 0x02, 
	0x02, 0x02, 0x03, 0x06, 0x06, 0x06, 0x06, 0x03, 0x02, 0x05, 0x05, 
	0x02, 0x02, 0x03, 0x03, 0x02, 0x02, 0x05, 0x05, 0x05, 0x02, 0x02, 
	0x03, 0x02, 0x02, 0x05, 0x05, 0x05, 0x02, 0x02, 0x03, 0x03, 0x03, 
	0x02, 0x05, 0x05, 0x05, 0x04, 0x05, 0x05, 0x02, 0x03, 0x06, 0x06, 
	0x06, 0x03, 0x02, 0x05, 0x05, 0x05, 0x04, 0x05, 0x05, 0x05, 0x02, 
	0x03, 0x06, 0x07, 0x35, 0x36, 0x35, 0x34, 0x07, 0x03, 0x02, 0x05, 
	0x05, 0x05, 0x05, 0x05, 0x02, 0x03, 0x06, 0x34, 0x35, 0x37, 0x37, 
	0x35, 0x07, 0x06, 0x02, 0x05, 0x05, 0x05, 0x05, 0x05, 0x02, 0x03, 
	0x07, 0x34, 0x35, 0x34, 0x07, 0x06, 0x02, 0x05, 0x05, 0x05, 0x04, 
	0x05, 0x05, 0x05, 0x02, 0x03, 0x06, 0x07, 0x34, 0x34, 0x07, 0x03, 
	0x02, 0x05, 0x05, 0x02, 0x03, 0x06, 0x34, 0x35, 0x35, 0x34, 0x06, 
	0x03, 0x02, 0x05, 0x05, 0x05, 0x05, 0x02, 0x03, 0x06, 0x07, 0x35, 
	0x37, 0x31, 0x33, 0x00, 0x00, 0x00, 0x00, 0x00, 0x00, 0x00, 0x00, 
	0x00, 0x00, 0x00, 0x00, 0x00, 0x00, 0x00, 0x00, 0x00, 0x00, 0x33, 
	0x32, 0x36, 0x35, 0x34, 0x07, 0x07, 0x07, 0x34, 0x35, 0x36, 0x37, 
	0x36, 0x35, 0x34, 0x07, 0x06, 0x06, 0x06, 0x06, 0x06, 0x07, 0x34, 
	0x35, 0x37, 0x37, 0x37, 0x36, 0x35, 0x07, 0x07, 0x06, 0x06, 0x06, 
	0x07, 0x34, 0x35, 0x37, 0x31, 0x33, 0x00, 0x00, 0x00, 0x33, 0x31, 
	0x37, 0x35, 0x34, 0x07, 0x06, 0x06, 0x03, 0x06, 0x06, 0x07, 0x07, 
	0x35, 0x36, 0x37, 0x36, 0x35, 0x07, 0x07, 0x06, 0x06, 0x06, 0x07, 
	0x07, 0x07, 0x07, 0x06, 0x06, 0x06, 0x07, 0x34, 0x34, 0x34, 0x34, 
	0x07, 0x06, 0x06, 0x06, 0x06, 0x07, 0x07, 0x07, 0x07, 0x06, 0x06, 
	0x06, 0x06, 0x06, 0x07, 0x07, 0x07, 0x06, 0x06, 0x06, 0x06, 0x06, 
	0x07, 0x07, 0x07, 0x07, 0x06, 0x06, 0x06, 0x03, 0x03, 0x03, 0x06, 
	0x06, 0x07, 0x34, 0x34, 0x34, 0x07, 0x07, 0x06, 0x06, 0x03, 0x03, 
	0x03, 0x06, 0x06, 0x06, 0x07, 0x34, 0x36, 0x37, 0x32, 0x37, 0x37, 
	0x35, 0x34, 0x07, 0x06, 0x06, 0x06, 0x06, 0x06, 0x07, 0x07, 0x35, 
	0x36, 0x37, 0x31, 0x32, 0x37, 0x35, 0x34, 0x07, 0x06, 0x06, 0x03, 
	0x06, 0x06, 0x07, 0x07, 0x35, 0x36, 0x37, 0x36, 0x35, 0x07, 0x07, 
	0x06, 0x06, 0x03, 0x03, 0x03, 0x06, 0x06, 0x06, 0x07, 0x34, 0x35, 
	0x36, 0x36, 0x35, 0x07, 0x07, 0x06, 0x06, 0x06, 0x07, 0x34, 0x35, 
	0x37, 0x37, 0x36, 0x35, 0x34, 0x07, 0x06, 0x06, 0x06, 0x06, 0x06, 
	0x07, 0x34, 0x35, 0x37, 0x31, 0x33, 0x00, 0x00, 0x00, 0x00, 0x00, 
	0x00, 0x00, 0x00, 0x00, 0x00, 0x00, 0x00, 0x00, 0x00, 0x00, 0x00, 
	0x00, 0x00, 0x00, 0x00, 0x33, 0x31, 0x37, 0x36, 0x35, 0x35, 0x35, 
	0x36, 0x37, 0x32, 0x31, 0x31, 0x32, 0x37, 0x36, 0x35, 0x35, 0x34, 
	0x35, 0x35, 0x36, 0x37, 0x32, 0x31, 0x33, 0x31, 0x32, 0x37, 0x36, 
	0x35, 0x35, 0x35, 0x35, 0x36, 0x37, 0x32, 0x31, 0x33, 0x00, 0x00, 
	0x00, 0x00, 0x00, 0x33, 0x31, 0x37, 0x36, 0x35, 0x35, 0x34, 0x34, 
	0x34, 0x34, 0x35, 0x36, 0x37, 0x32, 0x32, 0x32, 0x37, 0x36, 0x35, 
	0x35, 0x35, 0x35, 0x35, 0x36, 0x35, 0x35, 0x35, 0x35, 0x35, 0x35, 
	0x36, 0x37, 0x37, 0x36, 0x35, 0x35, 0x34, 0x35, 0x35, 0x35, 0x35, 
	0x35, 0x35, 0x35, 0x34, 0x34, 0x35, 0x35, 0x35, 0x35, 0x35, 0x35, 
	0x35, 0x34, 0x34, 0x35, 0x35, 0x35, 0x35, 0x35, 0x35, 0x34, 0x34, 
	0x34, 0x34, 0x34, 0x34, 0x35, 0x35, 0x36, 0x36, 0x36, 0x36, 0x35, 
	0x34, 0x34, 0x34, 0x34, 0x34, 0x34, 0x35, 0x35, 0x36, 0x37, 0x32, 
	0x31, 0x33, 0x33, 0x31, 0x37, 0x37, 0x36, 0x35, 0x34, 0x34, 0x34, 
	0x35, 0x35, 0x36, 0x37, 0x32, 0x33, 0x33, 0x33, 0x31, 0x37, 0x36, 
	0x35, 0x35, 0x34, 0x34, 0x34, 0x34, 0x35, 0x36, 0x37, 0x32, 0x32, 
	0x32, 0x37, 0x36, 0x35, 0x34, 0x34, 0x34, 0x34, 0x34, 0x34, 0x35, 
	0x35, 0x36, 0x37, 0x32, 0x32, 0x32, 0x37, 0x36, 0x35, 0x35, 0x34, 
	0x35, 0x35, 0x36, 0x37, 0x31, 0x31, 0x32, 0x37, 0x36, 0x35, 0x35, 
	0x34, 0x34, 0x35, 0x35, 0x36, 0x37, 0x32, 0x31, 0x33, 0x00, 0x00, 
	0x00, 0x00, 0x00, 0x00, 0x00, 0x00, 0x00, 0x00, 0x00, 0x00, 0x00, 
	0x00, 0x00, 0x00, 0x00, 0x00, 0x00, 0x00, 0x00, 0x00, 0x33, 0x33, 
	0x31, 0x31, 0x32, 0x32, 0x31, 0x31, 0x33, 0x33, 0x33, 0x33, 0x33, 
	0x31, 0x32, 0x32, 0x32, 0x32, 0x32, 0x31, 0x33, 0x33, 0x00, 0x00, 
	0x00, 0x33, 0x33, 0x31, 0x32, 0x32, 0x32, 0x32, 0x31, 0x33, 0x33, 
	0x00, 0x00, 0x00, 0x00, 0x00, 0x00, 0x00, 0x00, 0x33, 0x33, 0x31, 
	0x32, 0x32, 0x37, 0x37, 0x37, 0x32, 0x32, 0x31, 0x33, 0x33, 0x33, 
	0x33, 0x31, 0x31, 0x32, 0x32, 0x32, 0x32, 0x32, 0x31, 0x32, 0x32, 
	0x32, 0x32, 0x32, 0x32, 0x31, 0x31, 0x31, 0x31, 0x32, 0x32, 0x37, 
	0x32, 0x32, 0x32, 0x32, 0x32, 0x32, 0x32, 0x37, 0x37, 0x32, 0x32, 
	0x32, 0x32, 0x32, 0x32, 0x32, 0x37, 0x37, 0x32, 0x32, 0x32, 0x32, 
	0x32, 0x32, 0x37, 0x37, 0x37, 0x37, 0x37, 0x37, 0x32, 0x32, 0x31, 
	0x31, 0x31, 0x32, 0x32, 0x37, 0x37, 0x37, 0x37, 0x37, 0x37, 0x32, 
	0x32, 0x31, 0x33, 0x33, 0x00, 0x00, 0x00, 0x00, 0x33, 0x33, 0x31, 
	0x32, 0x32, 0x37, 0x32, 0x32, 0x31, 0x31, 0x33, 0x33, 0x00, 0x00, 
	0x00, 0x33, 0x33, 0x31, 0x32, 0x32, 0x37, 0x37, 0x37, 0x32, 0x32, 
	0x31, 0x33, 0x33, 0x33, 0x33, 0x31, 0x31, 0x32, 0x37, 0x37, 0x37, 
	0x37, 0x37, 0x37, 0x32, 0x32, 0x31, 0x33, 0x33, 0x33, 0x33, 0x31, 
	0x31, 0x32, 0x32, 0x37, 0x32, 0x32, 0x31, 0x33, 0x33, 0x00, 0x33, 
	0x33, 0x31, 0x31, 0x32, 0x32, 0x32, 0x32, 0x32, 0x31, 0x33, 0x33, 
	0x00, 0x00, 0x00, 0x00, 0x00, 0x00, 0x00, 0x00, 0x00, 0x00, 0x00, 
	0x00, 0x00, 0x00, 0x00, 0x00, 0x00, 0x00, 0x00, 0x00, 0x00, 0x00, 
	0x00, 0x00, 0x00, 0x00, 0x00, 0x00, 0x00, 0x00, 0x00, 0x00, 0x00, 
	0x00, 0x00, 0x00, 0x00, 0x00, 0x00, 0x00, 0x00, 0x00, 0x00, 0x00, 
	0x00, 0x00, 0x00, 0x00, 0x00, 0x00, 0x00, 0x00, 0x00, 0x00, 0x00, 
	0x00, 0x00, 0x00, 0x00, 0x00, 0x00, 0x00, 0x00, 0x00, 0x00, 0x00, 
	0x00, 0x00, 0x00, 0x00, 0x00, 0x00, 0x00, 0x00, 0x00, 0x00, 0x00, 
	0x00, 0x00, 0x00, 0x00, 0x00, 0x00, 0x00, 0x00, 0x00, 0x00, 0x00, 
	0x00, 0x00, 0x00, 0x00, 0x00, 0x00, 0x00, 0x00, 0x00, 0x00, 0x00, 
	0x00, 0x00, 0x00, 0x00, 0x00, 0x00, 0x00, 0x00, 0x00, 0x00, 0x00, 
	0x00, 0x00, 0x00, 0x00, 0x00, 0x00, 0x00, 0x00, 0x00, 0x00, 0x00, 
	0x00, 0x00, 0x00, 0x00, 0x00, 0x00, 0x00, 0x00, 0x00, 0x00, 0x00, 
	0x00, 0x00, 0x00, 0x00, 0x00, 0x00, 0x00, 0x00, 0x00, 0x00, 0x00, 
	0x00, 0x00, 0x00, 0x00, 0x00, 0x00, 0x00, 0x00, 0x00, 0x00, 0x00, 
	0x00, 0x00, 0x00, 0x00, 0x00, 0x00, 0x00, 0x00, 0x00, 0x00, 0x00, 
	0x00, 0x00, 0x00, 0x00, 0x00, 0x00, 0x00, 0x00, 0x00, 0x00, 0x00, 
	0x00, 0x00, 0x00, 0x00, 0x00, 0x00, 0x00, 0x00, 0x00, 0x00, 0x00, 
	0x00, 0x00, 0x00, 0x00, 0x00, 0x00, 0x00, 0x00, 0x00, 0x00, 0x00, 
	0x00, 0x00, 0x00, 0x00, 0x00, 0x00, 0x00, 0x00, 0x00, 0x00, 0x00, 
	0x00, 0x00, 0x00, 0x00, 0x00, 0x00, 0x00, 0x00, 0x00, 0x00, 0x00, 
	0x00, 0x00, 0x00, 0x00, 0x00, 0x00, 0x00, 0x00, 0x00, 0x00, 0x00, 
	0x00, 0x00, 0x00, 0x00, 0x00, 0x00, 0x39, 0x00, 0x00, 0x3f, 0x17, 
	0x20, 0x01, 0x01, 0x1e, 0x20, 0x20, 0x2a, 0x01, 0x22, 0x22, 0x1e, 
	0x2a, 0x21, 0x25, 0x3d, 0x00, 0x00, 0x3e, 0x00, 0x00, 0x00, 0x00, 
	0x00, 0x00, 0x00, 0x00, 0x3e, 0x3c, 0x16, 0x19, 0x01, 0x27, 0x22, 
	0x27, 0x22, 0x22, 0x22, 0x01, 0x22, 0x1f, 0x23, 0x3f, 0x00, 0x00, 
	0x00, 0x00, 0x00, 0x00, 0x00, 0x00, 0x00, 0x00, 0x00, 0x00, 0x00, 
	0x00, 0x18, 0x16, 0x00, 0x00, 0x00, 0x00, 0x00, 0x00, 0x00, 0x00, 
	0x00, 0x00, 0x00, 0x00, 0x00, 0x00, 0x17, 0x19, 0x01, 0x1e, 0x22, 
	0x01, 0x27, 0x27, 0x01, 0x01, 0x01, 0x1d, 0x3e, 0x00, 0x00, 0x00, 
	0x00, 0x00, 0x00, 0x00, 0x00, 0x00, 0x00, 0x00, 0x00, 0x00, 0x00, 
	0x00, 0x00, 0x00, 0x00, 0x23, 0x1f, 0x22, 0x27, 0x1e, 0x2a, 0x22, 
	0x22, 0x1e, 0x2a, 0x19, 0x21, 0x25, 0x23, 0x00, 0x00, 0x00, 0x00, 
	0x00, 0x00, 0x00, 0x00, 0x00, 0x00, 0x00, 0x00, 0x00, 0x06, 0x02, 
	0x10, 0x10, 0x10, 0x0c, 0x1e, 0x27, 0x22, 0x22, 0x22, 0x27, 0x01, 
	0x01, 0x01, 0x22, 0x22, 0x22, 0x27, 0x27, 0x27, 0x2a, 0x21, 0x3d, 
	0x00, 0x3c, 0x1f, 0x0b, 0x11, 0x04, 0x0d, 0x0d, 0x10, 0x0f, 0x00, 
	0x00, 0x00, 0x00, 0x00, 0x00, 0x00, 0x00, 0x00, 0x00, 0x33, 0x05, 
	0x0d, 0x08, 0x08, 0x08, 0x08, 0x08, 0x08, 0x0d, 0x02, 0x03, 0x06, 
	0x02, 0x09, 0x0d, 0x08, 0x04, 0x08, 0x08, 0x08, 0x0d, 0x0d, 0x0d, 
	0x04, 0x04, 0x05, 0x05, 0x03, 0x2e, 0x2e, 0x06, 0x06, 0x00, 0x00, 
	0x00, 0x00, 0x00, 0x00, 0x00, 0x00, 0x00, 0x00, 0x00, 0x00, 0x00, 
	0x00, 0x00, 0x00, 0x00, 0x3e, 0x25, 0x27, 0x0c, 0x25, 0x1f, 0x19, 
	0x01, 0x01, 0x27, 0x01, 0x01, 0x01, 0x22, 0x26, 0x24, 0x00, 0x00, 
	0x00, 0x00, 0x00, 0x00, 0x00, 0x00, 0x00, 0x00, 0x00, 0x00, 0x00, 
	0x24, 0x2a, 0x27, 0x1e, 0x22, 0x01, 0x22, 0x22, 0x01, 0x1f, 0x39, 
	0x00, 0x00, 0x00, 0x00, 0x00, 0x00, 0x00, 0x00, 0x00, 0x00, 0x00, 
	0x00, 0x00, 0x00, 0x00, 0x00, 0x20, 0x1c, 0x00, 0x00, 0x00, 0x00, 
	0x00, 0x00, 0x00, 0x00, 0x00, 0x00, 0x00, 0x00, 0x00, 0x00, 0x00, 
	0x3b, 0x1e, 0x19, 0x19, 0x27, 0x01, 0x22, 0x27, 0x01, 0x1d, 0x00, 
	0x00, 0x00, 0x00, 0x00, 0x00, 0x00, 0x00, 0x00, 0x00, 0x00, 0x00, 
	0x00, 0x00, 0x00, 0x00, 0x00, 0x00, 0x00, 0x00, 0x00, 0x3c, 0x1f, 
	0x27, 0x1e, 0x19, 0x1e, 0x27, 0x27, 0x27, 0x1e, 0x22, 0x01, 0x22, 
	0x1f, 0x3b, 0x00, 0x00, 0x00, 0x00, 0x00, 0x00, 0x00, 0x00, 0x00, 
	0x00, 0x00, 0x33, 0x32, 0x14, 0x09, 0x11, 0x0c, 0x22, 0x27, 0x22, 
	0x27, 0x01, 0x27, 0x1e, 0x27, 0x01, 0x27, 0x27, 0x27, 0x01, 0x27, 
	0x27, 0x2a, 0x21, 0x3b, 0x00, 0x00, 0x3e, 0x10, 0x09, 0x0d, 0x12, 
	0x0d, 0x14, 0x33, 0x00, 0x00, 0x00, 0x00, 0x00, 0x00, 0x00, 0x00, 
	0x00, 0x00, 0x33, 0x32, 0x05, 0x08, 0x08, 0x08, 0x08, 0x08, 0x08, 
	0x34, 0x32, 0x33, 0x33, 0x31, 0x34, 0x0d, 0x08, 0x04, 0x08, 0x08, 
	0x08, 0x04, 0x04, 0x0d, 0x0d, 0x0d, 0x0d, 0x04, 0x05, 0x03, 0x31, 
	0x31, 0x28, 0x3f, 0x00, 0x00, 0x00, 0x00, 0x00, 0x00, 0x00, 0x00, 
	0x00, 0x00, 0x00, 0x00, 0x00, 0x00, 0x00, 0x00, 0x00, 0x3b, 0x1e, 
	0x27, 0x1e, 0x19, 0x22, 0x27, 0x1e, 0x2a, 0x2a, 0x2a, 0x01, 0x01, 
	0x01, 0x27, 0x25, 0x3f, 0x00, 0x00, 0x00, 0x00, 0x00, 0x00, 0x00, 
	0x00, 0x00, 0x00, 0x00, 0x00, 0x16, 0x27, 0x27, 0x01, 0x22, 0x22, 
	0x01, 0x2a, 0x3b, 0x00, 0x00, 0x00, 0x00, 0x00, 0x00, 0x00, 0x00, 
	0x00, 0x00, 0x00, 0x00, 0x00, 0x00, 0x00, 0x00, 0x00, 0x2a, 0x20, 
	0x00, 0x00, 0x00, 0x00, 0x00, 0x00, 0x00, 0x00, 0x00, 0x00, 0x00, 
	0x00, 0x00, 0x00, 0x00, 0x00, 0x1d, 0x2a, 0x2a, 0x27, 0x01, 0x27, 
	0x01, 0x1a, 0x39, 0x00, 0x00, 0x00, 0x00, 0x00, 0x00, 0x00, 0x00, 
	0x00, 0x00, 0x00, 0x00, 0x00, 0x00, 0x00, 0x00, 0x00, 0x00, 0x00, 
	0x00, 0x00, 0x00, 0x3d, 0x19, 0x22, 0x27, 0x27, 0x0c, 0x1c, 0x24, 
	0x3c, 0x1b, 0x1a, 0x22, 0x27, 0x21, 0x3a, 0x00, 0x00, 0x00, 0x00, 
	0x00, 0x00, 0x00, 0x00, 0x00, 0x00, 0x00, 0x00, 0x33, 0x09, 0x25, 
	0x1e, 0x27, 0x22, 0x01, 0x19, 0x20, 0x1f, 0x1d, 0x1d, 0x1d, 0x1c, 
	0x25, 0x2a, 0x27, 0x22, 0x22, 0x22, 0x19, 0x24, 0x00, 0x00, 0x33, 
	0x02, 0x0d, 0x12, 0x0d, 0x04, 0x37, 0x00, 0x00, 0x00, 0x00, 0x00, 
	0x00, 0x00, 0x00, 0x00, 0x00, 0x00, 0x00, 0x00, 0x02, 0x0d, 0x08, 
	0x04, 0x04, 0x04, 0x05, 0x32, 0x00, 0x00, 0x00, 0x00, 0x32, 0x04, 
	0x08, 0x08, 0x08, 0x08, 0x0d, 0x04, 0x02, 0x02, 0x05, 0x09, 0x0d, 
	0x0d, 0x09, 0x02, 0x39, 0x00, 0x00, 0x00, 0x00, 0x00, 0x00, 0x00, 
	0x00, 0x00, 0x00, 0x00, 0x00, 0x00, 0x00, 0x00, 0x00, 0x00, 0x00, 
	0x00, 0x00, 0x00, 0x21, 0x1e, 0x27, 0x27, 0x01, 0x2a, 0x18, 0x3f, 
	0x3f, 0x1b, 0x25, 0x27, 0x1e, 0x27, 0x27, 0x25, 0x00, 0x00, 0x00, 
	0x00, 0x00, 0x00, 0x00, 0x00, 0x00, 0x00, 0x00, 0x00, 0x3e, 0x2a, 
	0x01, 0x27, 0x27, 0x01, 0x22, 0x1c, 0x00, 0x00, 0x00, 0x00, 0x00, 
	0x00, 0x00, 0x00, 0x00, 0x00, 0x00, 0x00, 0x00, 0x00, 0x00, 0x00, 
	0x00, 0x3f, 0x22, 0x21, 0x00, 0x00, 0x00, 0x00, 0x00, 0x00, 0x00, 
	0x00, 0x00, 0x00, 0x00, 0x00, 0x00, 0x00, 0x00, 0x00, 0x39, 0x1e, 
	0x01, 0x27, 0x22, 0x27, 0x01, 0x18, 0x00, 0x00, 0x00, 0x00, 0x00, 
	0x00, 0x00, 0x00, 0x00, 0x00, 0x00, 0x00, 0x00, 0x00, 0x00, 0x00, 
	0x00, 0x00, 0x00, 0x00, 0x00, 0x00, 0x00, 0x1b, 0x1a, 0x27, 0x0c, 
	0x26, 0x23, 0x00, 0x00, 0x00, 0x00, 0x3c, 0x18, 0x26, 0x25, 0x3c, 
	0x38, 0x00, 0x00, 0x00, 0x00, 0x00, 0x00, 0x00, 0x00, 0x00, 0x00, 
	0x00, 0x3f, 0x13, 0x19, 0x27, 0x1e, 0x01, 0x19, 0x3d, 0x00, 0x00, 
	0x00, 0x00, 0x00, 0x00, 0x00, 0x39, 0x18, 0x1e, 0x27, 0x1a, 0x20, 
	0x24, 0x00, 0x00, 0x33, 0x32, 0x06, 0x12, 0x04, 0x0d, 0x31, 0x00, 
	0x00, 0x00, 0x00, 0x00, 0x00, 0x00, 0x00, 0x00, 0x00, 0x00, 0x00, 
	0x00, 0x37, 0x0d, 0x08, 0x08, 0x08, 0x08, 0x34, 0x31, 0x00, 0x00, 
	0x00, 0x00, 0x31, 0x34, 0x08, 0x08, 0x08, 0x08, 0x07, 0x36, 0x32, 
	0x32, 0x32, 0x35, 0x04, 0x0d, 0x09, 0x09, 0x0f, 0x3f, 0x00, 0x00, 
	0x00, 0x00, 0x00, 0x00, 0x00, 0x00, 0x00, 0x00, 0x00, 0x00, 0x00, 
	0x00, 0x00, 0x00, 0x00, 0x00, 0x00, 0x00, 0x18, 0x27, 0x22, 0x1e, 
	0x27, 0x1a, 0x3f, 0x00, 0x28, 0x33, 0x00, 0x1f, 0x01, 0x22, 0x0b, 
	0x17, 0x17, 0x32, 0x00, 0x00, 0x00, 0x00, 0x00, 0x00, 0x00, 0x00, 
	0x00, 0x00, 0x00, 0x1c, 0x01, 0x22, 0x27, 0x01, 0x27, 0x3b, 0x00, 
	0x00, 0x00, 0x00, 0x00, 0x00, 0x00, 0x00, 0x00, 0x00, 0x00, 0x00, 
	0x00, 0x00, 0x00, 0x00, 0x00, 0x3d, 0x27, 0x2a, 0x39, 0x00, 0x00, 
	0x00, 0x00, 0x00, 0x00, 0x00, 0x00, 0x00, 0x00, 0x00, 0x00, 0x00, 
	0x00, 0x00, 0x00, 0x1f, 0x01, 0x27, 0x27, 0x01, 0x2a, 0x1b, 0x00, 
	0x00, 0x00, 0x00, 0x00, 0x00, 0x00, 0x00, 0x00, 0x00, 0x00, 0x00, 
	0x00, 0x00, 0x00, 0x00, 0x00, 0x00, 0x00, 0x00, 0x00, 0x00, 0x00, 
	0x23, 0x0c, 0x0b, 0x11, 0x12, 0x00, 0x00, 0x00, 0x00, 0x00, 0x00, 
	0x38, 0x09, 0x0d, 0x08, 0x03, 0x07, 0x00, 0x00, 0x00, 0x00, 0x00, 
	0x00, 0x00, 0x00, 0x00, 0x00, 0x00, 0x24, 0x27, 0x27, 0x22, 0x27, 
	0x20, 0x00, 0x00, 0x00, 0x00, 0x00, 0x00, 0x00, 0x00, 0x00, 0x00, 
	0x24, 0x22, 0x0c, 0x1e, 0x18, 0x00, 0x00, 0x00, 0x00, 0x35, 0x0d, 
	0x04, 0x04, 0x33, 0x00, 0x00, 0x00, 0x00, 0x00, 0x00, 0x00, 0x00, 
	0x00, 0x00, 0x00, 0x00, 0x00, 0x33, 0x09, 0x08, 0x08, 0x08, 0x08, 
	0x35, 0x00, 0x00, 0x00, 0x00, 0x00, 0x00, 0x32, 0x08, 0x08, 0x08, 
	0x08, 0x0f, 0x00, 0x00, 0x00, 0x00, 0x33, 0x03, 0x09, 0x04, 0x04, 
	0x12, 0x34, 0x32, 0x00, 0x00, 0x00, 0x00, 0x00, 0x00, 0x00, 0x00, 
	0x00, 0x00, 0x00, 0x00, 0x00, 0x00, 0x00, 0x00, 0x00, 0x00, 0x00, 
	0x3d, 0x1e, 0x22, 0x22, 0x27, 0x26, 0x00, 0x00, 0x33, 0x28, 0x00, 
	0x3e, 0x21, 0x2a, 0x20, 0x0a, 0x0c, 0x17, 0x00, 0x00, 0x00, 0x00, 
	0x00, 0x00, 0x00, 0x00, 0x00, 0x00, 0x00, 0x24, 0x1e, 0x27, 0x27, 
	0x27, 0x2a, 0x3a, 0x00, 0x00, 0x00, 0x00, 0x00, 0x00, 0x00, 0x00, 
	0x00, 0x00, 0x00, 0x00, 0x00, 0x00, 0x00, 0x00, 0x00, 0x24, 0x27, 
	0x1e, 0x1b, 0x00, 0x00, 0x00, 0x00, 0x00, 0x00, 0x00, 0x00, 0x00, 
	0x00, 0x00, 0x00, 0x00, 0x00, 0x00, 0x00, 0x16, 0x22, 0x27, 0x27, 
	0x27, 0x21, 0x00, 0x00, 0x00, 0x00, 0x00, 0x00, 0x00, 0x00, 0x00, 
	0x00, 0x00, 0x00, 0x00, 0x00, 0x00, 0x00, 0x00, 0x00, 0x00, 0x00, 
	0x00, 0x00, 0x00, 0x00, 0x3c, 0x18, 0x11, 0x08, 0x12, 0x28, 0x00, 
	0x00, 0x00, 0x00, 0x00, 0x31, 0x35, 0x0d, 0x12, 0x08, 0x06, 0x00, 
	0x00, 0x00, 0x00, 0x00, 0x00, 0x00, 0x00, 0x00, 0x00, 0x00, 0x3d, 
	0x22, 0x27, 0x22, 0x27, 0x25, 0x00, 0x00, 0x00, 0x00, 0x00, 0x00, 
	0x00, 0x00, 0x00, 0x00, 0x00, 0x17, 0x1c, 0x22, 0x25, 0x00, 0x00, 
	0x00, 0x00, 0x36, 0x0d, 0x0d, 0x04, 0x33, 0x00, 0x00, 0x00, 0x00, 
	0x00, 0x00, 0x00, 0x00, 0x00, 0x00, 0x00, 0x00, 0x00, 0x33, 0x09, 
	0x08, 0x08, 0x08, 0x08, 0x35, 0x00, 0x00, 0x00, 0x00, 0x00, 0x00, 
	0x32, 0x08, 0x08, 0x08, 0x08, 0x0f, 0x00, 0x00, 0x00, 0x00, 0x33, 
	0x28, 0x0f, 0x08, 0x04, 0x04, 0x0d, 0x0f, 0x33, 0x00, 0x00, 0x00, 
	0x00, 0x00, 0x00, 0x00, 0x00, 0x00, 0x00, 0x00, 0x00, 0x00, 0x00, 
	0x00, 0x00, 0x00, 0x00, 0x39, 0x2a, 0x27, 0x22, 0x01, 0x20, 0x00, 
	0x00, 0x00, 0x00, 0x00, 0x00, 0x17, 0x22, 0x0c, 0x15, 0x0b, 0x02, 
	0x32, 0x00, 0x00, 0x00, 0x00, 0x00, 0x00, 0x00, 0x00, 0x00, 0x00, 
	0x3a, 0x19, 0x01, 0x01, 0x27, 0x21, 0x00, 0x00, 0x00, 0x00, 0x00, 
	0x00, 0x00, 0x00, 0x00, 0x00, 0x00, 0x00, 0x00, 0x00, 0x00, 0x00, 
	0x00, 0x00, 0x18, 0x01, 0x27, 0x24, 0x00, 0x00, 0x00, 0x00, 0x00, 
	0x00, 0x00, 0x00, 0x00, 0x00, 0x00, 0x00, 0x00, 0x00, 0x00, 0x00, 
	0x23, 0x22, 0x01, 0x27, 0x01, 0x20, 0x00, 0x00, 0x00, 0x00, 0x00, 
	0x00, 0x00, 0x00, 0x00, 0x00, 0x00, 0x00, 0x00, 0x00, 0x00, 0x00, 
	0x00, 0x00, 0x00, 0x00, 0x00, 0x00, 0x00, 0x00, 0x00, 0x0e, 0x12, 
	0x12, 0x02, 0x00, 0x00, 0x00, 0x00, 0x00, 0x00, 0x00, 0x32, 0x09, 
	0x0d, 0x08, 0x02, 0x36, 0x00, 0x00, 0x00, 0x00, 0x00, 0x00, 0x00, 
	0x00, 0x00, 0x00, 0x3c, 0x2a, 0x27, 0x22, 0x01, 0x25, 0x00, 0x00, 
	0x00, 0x00, 0x00, 0x00, 0x00, 0x00, 0x00, 0x00, 0x00, 0x00, 0x3d, 
	0x1a, 0x1d, 0x00, 0x00, 0x00, 0x00, 0x32, 0x0d, 0x0d, 0x04, 0x33, 
	0x00, 0x00, 0x00, 0x00, 0x00, 0x00, 0x00, 0x00, 0x00, 0x00, 0x00, 
	0x00, 0x00, 0x31, 0x09, 0x08, 0x08, 0x04, 0x04, 0x36, 0x00, 0x00, 
	0x00, 0x00, 0x00, 0x00, 0x31, 0x08, 0x08, 0x04, 0x08, 0x37, 0x00, 
	0x00, 0x00, 0x00, 0x00, 0x00, 0x28, 0x04, 0x0d, 0x09, 0x10, 0x36, 
	0x00, 0x00, 0x00, 0x00, 0x00, 0x00, 0x00, 0x00, 0x00, 0x00, 0x00, 
	0x00, 0x00, 0x00, 0x00, 0x00, 0x00, 0x00, 0x00, 0x00, 0x19, 0x22, 
	0x22, 0x01, 0x20, 0x00, 0x00, 0x00, 0x00, 0x00, 0x00, 0x00, 0x1f, 
	0x15, 0x0a, 0x04, 0x12, 0x0f, 0x00, 0x00, 0x00, 0x00, 0x00, 0x00, 
	0x00, 0x00, 0x00, 0x00, 0x3e, 0x2a, 0x01, 0x01, 0x01, 0x20, 0x00, 
	0x00, 0x00, 0x00, 0x00, 0x00, 0x00, 0x00, 0x00, 0x00, 0x00, 0x00, 
	0x00, 0x00, 0x00, 0x00, 0x00, 0x00, 0x25, 0x01, 0x01, 0x18, 0x00, 
	0x00, 0x00, 0x00, 0x00, 0x00, 0x00, 0x00, 0x00, 0x00, 0x00, 0x00, 
	0x00, 0x00, 0x00, 0x00, 0x1b, 0x1e, 0x01, 0x22, 0x01, 0x25, 0x00, 
	0x00, 0x00, 0x00, 0x00, 0x00, 0x00, 0x00, 0x00, 0x00, 0x00, 0x00, 
	0x00, 0x00, 0x00, 0x00, 0x00, 0x00, 0x00, 0x00, 0x00, 0x00, 0x00, 
	0x00, 0x00, 0x14, 0x12, 0x12, 0x03, 0x00, 0x00, 0x00, 0x00, 0x00, 
	0x00, 0x00, 0x31, 0x35, 0x0d, 0x08, 0x08, 0x0e, 0x39, 0x00, 0x00, 
	0x00, 0x00, 0x00, 0x00, 0x00, 0x00, 0x00, 0x28, 0x19, 0x27, 0x22, 
	0x01, 0x1f, 0x00, 0x00, 0x00, 0x00, 0x00, 0x00, 0x00, 0x00, 0x00, 
	0x00, 0x00, 0x00, 0x38, 0x1c, 0x3b, 0x00, 0x00, 0x00, 0x00, 0x32, 
	0x09, 0x0d, 0x04, 0x33, 0x00, 0x00, 0x00, 0x00, 0x00, 0x00, 0x00, 
	0x00, 0x00, 0x00, 0x00, 0x00, 0x00, 0x31, 0x09, 0x08, 0x08, 0x08, 
	0x04, 0x37, 0x00, 0x00, 0x00, 0x00, 0x00, 0x00, 0x31, 0x04, 0x08, 
	0x04, 0x08, 0x37, 0x00, 0x00, 0x00, 0x00, 0x00, 0x00, 0x00, 0x07, 
	0x0d, 0x05, 0x09, 0x14, 0x3d, 0x00, 0x00, 0x00, 0x00, 0x00, 0x00, 
	0x00, 0x00, 0x00, 0x00, 0x00, 0x00, 0x00, 0x00, 0x00, 0x00, 0x00, 
	0x00, 0x00, 0x1a, 0x27, 0x27, 0x01, 0x20, 0x00, 0x00, 0x00, 0x00, 
	0x00, 0x00, 0x00, 0x0f, 0x11, 0x04, 0x12, 0x11, 0x0e, 0x31, 0x00, 
	0x00, 0x00, 0x00, 0x00, 0x00, 0x00, 0x00, 0x00, 0x3a, 0x1e, 0x01, 
	0x27, 0x01, 0x25, 0x00, 0x00, 0x00, 0x00, 0x00, 0x00, 0x00, 0x00, 
	0x00, 0x00, 0x00, 0x00, 0x00, 0x00, 0x00, 0x00, 0x00, 0x00, 0x1a, 
	0x27, 0x01, 0x1f, 0x00, 0x00, 0x00, 0x00, 0x00, 0x00, 0x00, 0x00, 
	0x00, 0x00, 0x00, 0x00, 0x00, 0x00, 0x00, 0x00, 0x3a, 0x1e, 0x27, 
	0x2a, 0x27, 0x1f, 0x00, 0x00, 0x00, 0x00, 0x00, 0x00, 0x00, 0x00, 
	0x00, 0x00, 0x00, 0x00, 0x00, 0x00, 0x00, 0x00, 0x00, 0x00, 0x00, 
	0x00, 0x00, 0x00, 0x00, 0x00, 0x00, 0x06, 0x08, 0x12, 0x03, 0x00, 
	0x00, 0x00, 0x00, 0x00, 0x00, 0x00, 0x00, 0x00, 0x09, 0x12, 0x0d, 
	0x12, 0x34, 0x00, 0x00, 0x00, 0x00, 0x00, 0x00, 0x00, 0x00, 0x00, 
	0x00, 0x21, 0x27, 0x22, 0x27, 0x1f, 0x00, 0x00, 0x00, 0x00, 0x00, 
	0x00, 0x00, 0x00, 0x00, 0x00, 0x00, 0x00, 0x3b, 0x26, 0x16, 0x00, 
	0x00, 0x00, 0x00, 0x33, 0x09, 0x0d, 0x04, 0x33, 0x00, 0x00, 0x00, 
	0x00, 0x00, 0x00, 0x00, 0x00, 0x00, 0x00, 0x00, 0x00, 0x00, 0x32, 
	0x04, 0x08, 0x04, 0x04, 0x04, 0x32, 0x00, 0x00, 0x00, 0x00, 0x00, 
	0x00, 0x33, 0x04, 0x04, 0x04, 0x08, 0x37, 0x00, 0x00, 0x00, 0x00, 
	0x00, 0x00, 0x00, 0x31, 0x09, 0x10, 0x0a, 0x21, 0x20, 0x28, 0x00, 
	0x00, 0x00, 0x00, 0x00, 0x00, 0x00, 0x00, 0x00, 0x00, 0x00, 0x00, 
	0x00, 0x00, 0x00, 0x00, 0x00, 0x00, 0x1a, 0x27, 0x27, 0x22, 0x1f, 
	0x00, 0x00, 0x00, 0x00, 0x00, 0x00, 0x00, 0x00, 0x34, 0x11, 0x12, 
	0x08, 0x10, 0x13, 0x00, 0x00, 0x00, 0x00, 0x00, 0x00, 0x00, 0x00, 
	0x00, 0x3e, 0x2a, 0x27, 0x22, 0x01, 0x1f, 0x00, 0x00, 0x00, 0x00, 
	0x00, 0x00, 0x00, 0x00, 0x00, 0x00, 0x00, 0x00, 0x00, 0x00, 0x00, 
	0x00, 0x00, 0x3e, 0x1e, 0x27, 0x27, 0x26, 0x00, 0x00, 0x00, 0x00, 
	0x00, 0x00, 0x00, 0x00, 0x00, 0x00, 0x00, 0x00, 0x00, 0x00, 0x00, 
	0x00, 0x3a, 0x22, 0x27, 0x2a, 0x22, 0x1c, 0x00, 0x00, 0x00, 0x00, 
	0x00, 0x00, 0x00, 0x00, 0x00, 0x00, 0x00, 0x00, 0x00, 0x00, 0x00, 
	0x00, 0x00, 0x00, 0x00, 0x00, 0x00, 0x00, 0x00, 0x00, 0x00, 0x03, 
	0x12, 0x12, 0x03, 0x00, 0x00, 0x00, 0x00, 0x00, 0x00, 0x00, 0x00, 
	0x00, 0x36, 0x03, 0x0d, 0x12, 0x07, 0x28, 0x00, 0x00, 0x00, 0x00, 
	0x00, 0x00, 0x00, 0x00, 0x00, 0x21, 0x27, 0x22, 0x01, 0x1f, 0x00, 
	0x00, 0x00, 0x00, 0x00, 0x00, 0x00, 0x00, 0x00, 0x00, 0x00, 0x00, 
	0x23, 0x22, 0x2a, 0x00, 0x00, 0x00, 0x00, 0x33, 0x05, 0x0d, 0x04, 
	0x33, 0x00, 0x00, 0x00, 0x00, 0x00, 0x00, 0x00, 0x00, 0x00, 0x00, 
	0x00, 0x00, 0x00, 0x32, 0x0d, 0x08, 0x04, 0x04, 0x05, 0x31, 0x00, 
	0x00, 0x00, 0x00, 0x00, 0x00, 0x33, 0x04, 0x04, 0x04, 0x08, 0x37, 
	0x00, 0x00, 0x00, 0x00, 0x00, 0x00, 0x00, 0x33, 0x0e, 0x0b, 0x0c, 
	0x22, 0x1e, 0x23, 0x00, 0x00, 0x00, 0x00, 0x00, 0x00, 0x00, 0x00, 
	0x00, 0x20, 0x00, 0x00, 0x00, 0x00, 0x00, 0x00, 0x00, 0x00, 0x21, 
	0x22, 0x22, 0x0c, 0x1c, 0x00, 0x00, 0x00, 0x00, 0x00, 0x00, 0x00, 
	0x00, 0x32, 0x0d, 0x10, 0x11, 0x0b, 0x0b, 0x3e, 0x00, 0x00, 0x00, 
	0x00, 0x00, 0x00, 0x00, 0x00, 0x3f, 0x19, 0x01, 0x22, 0x01, 0x1c, 
	0x00, 0x00, 0x00, 0x00, 0x00, 0x00, 0x00, 0x00, 0x00, 0x00, 0x00, 
	0x00, 0x00, 0x00, 0x00, 0x00, 0x00, 0x3d, 0x22, 0x01, 0x27, 0x19, 
	0x00, 0x00, 0x00, 0x00, 0x00, 0x00, 0x00, 0x00, 0x00, 0x00, 0x00, 
	0x00, 0x00, 0x00, 0x00, 0x00, 0x3c, 0x1e, 0x27, 0x22, 0x01, 0x1d, 
	0x00, 0x00, 0x00, 0x00, 0x00, 0x00, 0x00, 0x00, 0x00, 0x00, 0x00, 
	0x00, 0x00, 0x00, 0x00, 0x00, 0x00, 0x00, 0x00, 0x00, 0x00, 0x00, 
	0x00, 0x00, 0x00, 0x03, 0x08, 0x08, 0x06, 0x00, 0x00, 0x00, 0x00, 
	0x00, 0x00, 0x00, 0x00, 0x00, 0x00, 0x14, 0x12, 0x08, 0x08, 0x35, 
	0x00, 0x00, 0x00, 0x00, 0x00, 0x00, 0x00, 0x00, 0x00, 0x21, 0x27, 
	0x1e, 0x01, 0x1f, 0x00, 0x00, 0x00, 0x00, 0x00, 0x00, 0x00, 0x00, 
	0x00, 0x00, 0x00, 0x00, 0x00, 0x2a, 0x19, 0x00, 0x00, 0x00, 0x00, 
	0x00, 0x02, 0x0d, 0x09, 0x33, 0x00, 0x00, 0x00, 0x00, 0x00, 0x00, 
	0x00, 0x00, 0x00, 0x00, 0x00, 0x00, 0x00, 0x37, 0x0d, 0x08, 0x04, 
	0x0d, 0x02, 0x33, 0x00, 0x00, 0x00, 0x00, 0x00, 0x00, 0x33, 0x04, 
	0x04, 0x04, 0x0d, 0x37, 0x00, 0x00, 0x00, 0x00, 0x00, 0x00, 0x00, 
	0x00, 0x3b, 0x0c, 0x27, 0x1e, 0x1e, 0x25, 0x00, 0x00, 0x00, 0x00, 
	0x00, 0x00, 0x00, 0x00, 0x00, 0x20, 0x00, 0x00, 0x00, 0x00, 0x00, 
	0x00, 0x00, 0x00, 0x21, 0x22, 0x22, 0x0c, 0x1f, 0x00, 0x00, 0x00, 
	0x00, 0x00, 0x00, 0x00, 0x00, 0x32, 0x0e, 0x0b, 0x15, 0x1e, 0x22, 
	0x23, 0x00, 0x00, 0x00, 0x00, 0x00, 0x00, 0x00, 0x00, 0x00, 0x1a, 
	0x01, 0x27, 0x01, 0x1d, 0x00, 0x00, 0x00, 0x00, 0x00, 0x00, 0x00, 
	0x00, 0x00, 0x00, 0x00, 0x00, 0x00, 0x00, 0x00, 0x00, 0x00, 0x17, 
	0x01, 0x01, 0x27, 0x1e, 0x39, 0x00, 0x00, 0x00, 0x00, 0x00, 0x00, 
	0x00, 0x00, 0x00, 0x00, 0x00, 0x00, 0x00, 0x00, 0x00, 0x3a, 0x2a, 
	0x27, 0x01, 0x01, 0x1d, 0x00, 0x00, 0x00, 0x00, 0x00, 0x00, 0x00, 
	0x00, 0x00, 0x00, 0x00, 0x00, 0x00, 0x00, 0x00, 0x00, 0x00, 0x00, 
	0x00, 0x00, 0x00, 0x00, 0x00, 0x00, 0x00, 0x03, 0x08, 0x08, 0x03, 
	0x00, 0x00, 0x00, 0x00, 0x00, 0x00, 0x00, 0x00, 0x00, 0x00, 0x37, 
	0x12, 0x08, 0x08, 0x14, 0x00, 0x00, 0x00, 0x00, 0x00, 0x00, 0x00, 
	0x00, 0x00, 0x21, 0x27, 0x1e, 0x01, 0x1f, 0x00, 0x00, 0x00, 0x00, 
	0x00, 0x00, 0x00, 0x00, 0x00, 0x00, 0x00, 0x00, 0x00, 0x20, 0x20, 
	0x3f, 0x00, 0x00, 0x00, 0x00, 0x02, 0x0d, 0x04, 0x33, 0x00, 0x00, 
	0x00, 0x00, 0x00, 0x00, 0x00, 0x00, 0x00, 0x00, 0x00, 0x00, 0x00, 
	0x02, 0x0d, 0x08, 0x04, 0x0d, 0x36, 0x33, 0x00, 0x00, 0x00, 0x00, 
	0x00, 0x00, 0x33, 0x04, 0x0d, 0x04, 0x0d, 0x37, 0x00, 0x00, 0x00, 
	0x00, 0x00, 0x00, 0x00, 0x00, 0x00, 0x1f, 0x22, 0x1e, 0x27, 0x1e, 
	0x29, 0x00, 0x00, 0x00, 0x00, 0x00, 0x00, 0x00, 0x00, 0x20, 0x00, 
	0x00, 0x00, 0x00, 0x00, 0x00, 0x00, 0x00, 0x18, 0x0b, 0x15, 0x15, 
	0x0a, 0x00, 0x00, 0x00, 0x00, 0x00, 0x00, 0x00, 0x00, 0x00, 0x3c, 
	0x1e, 0x22, 0x22, 0x22, 0x20, 0x00, 0x00, 0x00, 0x00, 0x00, 0x00, 
	0x00, 0x00, 0x00, 0x2a, 0x01, 0x27, 0x01, 0x1c, 0x00, 0x00, 0x00, 
	0x00, 0x00, 0x00, 0x00, 0x00, 0x00, 0x00, 0x00, 0x00, 0x00, 0x00, 
	0x00, 0x00, 0x00, 0x1c, 0x01, 0x01, 0x22, 0x27, 0x24, 0x00, 0x00, 
	0x00, 0x00, 0x00, 0x00, 0x00, 0x00, 0x00, 0x00, 0x00, 0x00, 0x00, 
	0x00, 0x00, 0x3a, 0x2a, 0x01, 0x27, 0x22, 0x1d, 0x00, 0x00, 0x00, 
	0x00, 0x00, 0x00, 0x00, 0x00, 0x00, 0x00, 0x00, 0x00, 0x00, 0x00, 
	0x00, 0x00, 0x00, 0x00, 0x00, 0x00, 0x00, 0x00, 0x00, 0x00, 0x00, 
	0x03, 0x08, 0x08, 0x03, 0x00, 0x00, 0x00, 0x00, 0x00, 0x00, 0x00, 
	0x00, 0x00, 0x00, 0x33, 0x09, 0x08, 0x08, 0x06, 0x37, 0x00, 0x00, 
	0x00, 0x00, 0x00, 0x00, 0x00, 0x00, 0x26, 0x27, 0x22, 0x27, 0x1f, 
	0x00, 0x00, 0x00, 0x00, 0x00, 0x00, 0x00, 0x00, 0x00, 0x00, 0x00, 
	0x00, 0x00, 0x17, 0x1e, 0x1b, 0x00, 0x00, 0x00, 0x00, 0x03, 0x0d, 
	0x0d, 0x38, 0x00, 0x00, 0x00, 0x00, 0x00, 0x00, 0x00, 0x00, 0x00, 
	0x00, 0x00, 0x00, 0x33, 0x05, 0x0d, 0x08, 0x08, 0x0d, 0x32, 0x00, 
	0x00, 0x00, 0x00, 0x00, 0x00, 0x00, 0x31, 0x04, 0x08, 0x08, 0x04, 
	0x36, 0x00, 0x00, 0x00, 0x00, 0x00, 0x00, 0x00, 0x00, 0x00, 0x3c, 
	0x22, 0x1e, 0x22, 0x22, 0x18, 0x00, 0x00, 0x00, 0x00, 0x00, 0x00, 
	0x00, 0x00, 0x20, 0x00, 0x00, 0x00, 0x00, 0x00, 0x00, 0x00, 0x00, 
	0x14, 0x12, 0x12, 0x11, 0x17, 0x00, 0x00, 0x00, 0x00, 0x00, 0x00, 
	0x00, 0x00, 0x00, 0x00, 0x20, 0x22, 0x22, 0x01, 0x19, 0x28, 0x00, 
	0x00, 0x00, 0x00, 0x00, 0x00, 0x00, 0x00, 0x2a, 0x01, 0x27, 0x01, 
	0x1c, 0x00, 0x00, 0x00, 0x00, 0x00, 0x00, 0x00, 0x00, 0x00, 0x00, 
	0x00, 0x00, 0x00, 0x00, 0x00, 0x00, 0x00, 0x25, 0x01, 0x01, 0x27, 
	0x27, 0x17, 0x00, 0x00, 0x00, 0x00, 0x00, 0x00, 0x00, 0x00, 0x00, 
	0x00, 0x00, 0x00, 0x00, 0x00, 0x00, 0x3c, 0x1e, 0x27, 0x19, 0x1a, 
	0x16, 0x00, 0x00, 0x00, 0x00, 0x00, 0x00, 0x00, 0x00, 0x00, 0x00, 
	0x00, 0x00, 0x00, 0x00, 0x00, 0x00, 0x00, 0x00, 0x00, 0x00, 0x00, 
	0x00, 0x00, 0x00, 0x00, 0x03, 0x08, 0x08, 0x03, 0x00, 0x00, 0x00, 
	0x00, 0x00, 0x00, 0x00, 0x00, 0x00, 0x00, 0x33, 0x34, 0x08, 0x08, 
	0x0d, 0x36, 0x00, 0x00, 0x00, 0x00, 0x00, 0x00, 0x00, 0x00, 0x26, 
	0x22, 0x22, 0x27, 0x1f, 0x00, 0x00, 0x00, 0x00, 0x00, 0x00, 0x00, 
	0x00, 0x00, 0x00, 0x00, 0x00, 0x00, 0x3d, 0x2a, 0x23, 0x00, 0x00, 
	0x00, 0x00, 0x32, 0x09, 0x0d, 0x37, 0x00, 0x00, 0x00, 0x00, 0x00, 
	0x00, 0x00, 0x00, 0x00, 0x00, 0x00, 0x00, 0x33, 0x05, 0x0d, 0x08, 
	0x08, 0x0d, 0x32, 0x00, 0x00, 0x00, 0x00, 0x00, 0x00, 0x00, 0x31, 
	0x04, 0x08, 0x08, 0x08, 0x36, 0x00, 0x00, 0x00, 0x00, 0x00, 0x00, 
	0x00, 0x00, 0x00, 0x00, 0x26, 0x27, 0x1e, 0x19, 0x18, 0x00, 0x00, 
	0x00, 0x00, 0x00, 0x00, 0x00, 0x00, 0x20, 0x00, 0x00, 0x00, 0x00, 
	0x00, 0x00, 0x00, 0x31, 0x07, 0x12, 0x12, 0x12, 0x0e, 0x00, 0x00, 
	0x00, 0x00, 0x00, 0x00, 0x00, 0x00, 0x00, 0x00, 0x17, 0x22, 0x27, 
	0x01, 0x22, 0x24, 0x00, 0x00, 0x00, 0x00, 0x00, 0x00, 0x00, 0x00, 
	0x2a, 0x01, 0x27, 0x01, 0x1c, 0x00, 0x00, 0x00, 0x00, 0x00, 0x00, 
	0x00, 0x00, 0x00, 0x00, 0x00, 0x00, 0x00, 0x00, 0x00, 0x00, 0x00, 
	0x19, 0x01, 0x01, 0x27, 0x01, 0x18, 0x00, 0x00, 0x00, 0x00, 0x00, 
	0x00, 0x00, 0x00, 0x00, 0x00, 0x00, 0x00, 0x00, 0x00, 0x00, 0x3e, 
	0x1e, 0x01, 0x2a, 0x19, 0x16, 0x00, 0x00, 0x00, 0x00, 0x00, 0x00, 
	0x00, 0x00, 0x00, 0x00, 0x00, 0x00, 0x00, 0x00, 0x00, 0x00, 0x00, 
	0x00, 0x00, 0x00, 0x00, 0x00, 0x00, 0x00, 0x00, 0x06, 0x08, 0x08, 
	0x02, 0x00, 0x00, 0x00, 0x00, 0x00, 0x00, 0x00, 0x00, 0x00, 0x00, 
	0x00, 0x37, 0x08, 0x08, 0x08, 0x07, 0x33, 0x00, 0x00, 0x00, 0x00, 
	0x00, 0x00, 0x00, 0x26, 0x27, 0x22, 0x01, 0x1f, 0x00, 0x00, 0x00, 
	0x00, 0x00, 0x00, 0x00, 0x00, 0x00, 0x00, 0x00, 0x00, 0x00, 0x3f, 
	0x1a, 0x16, 0x00, 0x00, 0x00, 0x00, 0x33, 0x09, 0x10, 0x1b, 0x00, 
	0x00, 0x00, 0x00, 0x00, 0x00, 0x00, 0x00, 0x00, 0x00, 0x00, 0x00, 
	0x31, 0x04, 0x08, 0x08, 0x08, 0x09, 0x00, 0x00, 0x00, 0x00, 0x00, 
	0x00, 0x00, 0x00, 0x31, 0x04, 0x08, 0x08, 0x08, 0x0f, 0x00, 0x00, 
	0x00, 0x00, 0x00, 0x00, 0x00, 0x00, 0x00, 0x00, 0x18, 0x01, 0x1a, 
	0x1c, 0x3c, 0x00, 0x00, 0x00, 0x00, 0x00, 0x00, 0x00, 0x00, 0x20, 
	0x00, 0x00, 0x00, 0x00, 0x00, 0x00, 0x00, 0x31, 0x0d, 0x12, 0x12, 
	0x12, 0x0e, 0x00, 0x00, 0x00, 0x00, 0x00, 0x00, 0x00, 0x00, 0x00, 
	0x00, 0x3a, 0x2a, 0x27, 0x27, 0x27, 0x1c, 0x00, 0x00, 0x00, 0x00, 
	0x00, 0x00, 0x00, 0x00, 0x2a, 0x01, 0x27, 0x01, 0x1c, 0x00, 0x00, 
	0x00, 0x00, 0x00, 0x00, 0x00, 0x00, 0x00, 0x00, 0x00, 0x00, 0x00, 
	0x00, 0x00, 0x00, 0x3e, 0x22, 0x01, 0x27, 0x27, 0x01, 0x1f, 0x00, 
	0x00, 0x00, 0x00, 0x00, 0x00, 0x00, 0x00, 0x00, 0x00, 0x00, 0x00, 
	0x00, 0x00, 0x00, 0x28, 0x2a, 0x01, 0x01, 0x27, 0x1d, 0x00, 0x00, 
	0x00, 0x00, 0x00, 0x00, 0x00, 0x00, 0x00, 0x00, 0x00, 0x00, 0x00, 
	0x00, 0x00, 0x00, 0x00, 0x00, 0x00, 0x00, 0x00, 0x00, 0x00, 0x00, 
	0x00, 0x06, 0x08, 0x08, 0x02, 0x00, 0x00, 0x00, 0x00, 0x00, 0x00, 
	0x00, 0x00, 0x00, 0x00, 0x00, 0x32, 0x03, 0x08, 0x08, 0x0d, 0x31, 
	0x00, 0x00, 0x00, 0x00, 0x00, 0x00, 0x00, 0x26, 0x27, 0x22, 0x01, 
	0x1f, 0x00, 0x00, 0x00, 0x00, 0x00, 0x00, 0x00, 0x00, 0x00, 0x00, 
	0x00, 0x00, 0x00, 0x00, 0x20, 0x18, 0x00, 0x00, 0x00, 0x00, 0x33, 
	0x14, 0x09, 0x0f, 0x00, 0x00, 0x00, 0x00, 0x00, 0x00, 0x00, 0x00, 
	0x00, 0x00, 0x00, 0x00, 0x31, 0x04, 0x08, 0x08, 0x08, 0x35, 0x00, 
	0x00, 0x00, 0x00, 0x00, 0x00, 0x00, 0x00, 0x31, 0x04, 0x08, 0x08, 
	0x08, 0x0f, 0x00, 0x00, 0x00, 0x00, 0x00, 0x00, 0x00, 0x00, 0x00, 
	0x00, 0x1b, 0x22, 0x1a, 0x1d, 0x1b, 0x39, 0x00, 0x00, 0x00, 0x00, 
	0x00, 0x00, 0x00, 0x20, 0x00, 0x00, 0x00, 0x00, 0x00, 0x00, 0x00, 
	0x33, 0x10, 0x12, 0x12, 0x12, 0x13, 0x00, 0x00, 0x00, 0x00, 0x00, 
	0x00, 0x00, 0x00, 0x00, 0x00, 0x00, 0x26, 0x27, 0x22, 0x01, 0x26, 
	0x00, 0x00, 0x00, 0x00, 0x00, 0x00, 0x00, 0x00, 0x2a, 0x01, 0x27, 
	0x01, 0x1c, 0x00, 0x00, 0x00, 0x00, 0x00, 0x00, 0x00, 0x00, 0x00, 
	0x00, 0x00, 0x00, 0x00, 0x00, 0x00, 0x00, 0x3d, 0x01, 0x27, 0x27, 
	0x27, 0x01, 0x26, 0x00, 0x00, 0x00, 0x00, 0x00, 0x00, 0x00, 0x00, 
	0x00, 0x00, 0x00, 0x00, 0x00, 0x00, 0x00, 0x39, 0x2a, 0x27, 0x27, 
	0x01, 0x1d, 0x00, 0x00, 0x00, 0x00, 0x00, 0x00, 0x00, 0x00, 0x00, 
	0x00, 0x00, 0x00, 0x00, 0x00, 0x00, 0x00, 0x00, 0x00, 0x00, 0x00, 
	0x00, 0x00, 0x00, 0x00, 0x00, 0x07, 0x08, 0x08, 0x02, 0x39, 0x00, 
	0x00, 0x00, 0x00, 0x00, 0x00, 0x00, 0x00, 0x00, 0x00, 0x00, 0x34, 
	0x04, 0x08, 0x08, 0x36, 0x33, 0x00, 0x00, 0x00, 0x00, 0x00, 0x00, 
	0x26, 0x27, 0x22, 0x27, 0x1f, 0x00, 0x00, 0x00, 0x00, 0x00, 0x00, 
	0x00, 0x00, 0x00, 0x00, 0x00, 0x00, 0x00, 0x00, 0x1d, 0x1d, 0x00, 
	0x00, 0x00, 0x00, 0x00, 0x29, 0x09, 0x3d, 0x00, 0x00, 0x00, 0x00, 
	0x00, 0x00, 0x00, 0x00, 0x00, 0x00, 0x00, 0x00, 0x32, 0x04, 0x08, 
	0x08, 0x08, 0x36, 0x00, 0x00, 0x00, 0x00, 0x00, 0x00, 0x00, 0x00, 
	0x28, 0x04, 0x08, 0x08, 0x08, 0x0f, 0x00, 0x00, 0x00, 0x00, 0x00, 
	0x00, 0x00, 0x00, 0x00, 0x00, 0x39, 0x2a, 0x2a, 0x1f, 0x1c, 0x24, 
	0x00, 0x00, 0x00, 0x00, 0x00, 0x00, 0x00, 0x20, 0x00, 0x00, 0x00, 
	0x00, 0x00, 0x00, 0x00, 0x33, 0x0e, 0x12, 0x11, 0x0a, 0x10, 0x00, 
	0x00, 0x00, 0x00, 0x00, 0x00, 0x00, 0x00, 0x00, 0x00, 0x00, 0x1d, 
	0x27, 0x22, 0x01, 0x2a, 0x3c, 0x00, 0x00, 0x00, 0x00, 0x00, 0x00, 
	0x00, 0x2a, 0x01, 0x27, 0x01, 0x1c, 0x00, 0x00, 0x00, 0x00, 0x00, 
	0x00, 0x00, 0x00, 0x00, 0x00, 0x00, 0x00, 0x00, 0x00, 0x00, 0x00, 
	0x16, 0x01, 0x22, 0x01, 0x27, 0x01, 0x2a, 0x3a, 0x00, 0x00, 0x00, 
	0x00, 0x00, 0x00, 0x00, 0x00, 0x00, 0x00, 0x00, 0x00, 0x00, 0x00, 
	0x3e, 0x1e, 0x27, 0x22, 0x27, 0x1d, 0x00, 0x00, 0x00, 0x00, 0x00, 
	0x00, 0x00, 0x00, 0x00, 0x00, 0x00, 0x00, 0x00, 0x00, 0x00, 0x00, 
	0x00, 0x00, 0x00, 0x00, 0x00, 0x00, 0x00, 0x00, 0x00, 0x07, 0x08, 
	0x08, 0x08, 0x31, 0x00, 0x00, 0x00, 0x00, 0x00, 0x00, 0x00, 0x00, 
	0x00, 0x00, 0x00, 0x35, 0x04, 0x08, 0x08, 0x05, 0x33, 0x00, 0x00, 
	0x00, 0x00, 0x00, 0x00, 0x26, 0x27, 0x22, 0x27, 0x1f, 0x00, 0x00, 
	0x00, 0x00, 0x00, 0x00, 0x00, 0x00, 0x00, 0x00, 0x00, 0x00, 0x00, 
	0x00, 0x24, 0x1c, 0x00, 0x00, 0x00, 0x00, 0x00, 0x14, 0x0b, 0x1f, 
	0x29, 0x00, 0x00, 0x00, 0x00, 0x00, 0x00, 0x00, 0x00, 0x00, 0x00, 
	0x00, 0x37, 0x08, 0x08, 0x08, 0x08, 0x37, 0x00, 0x00, 0x00, 0x00, 
	0x00, 0x00, 0x00, 0x00, 0x28, 0x04, 0x08, 0x08, 0x08, 0x0f, 0x00, 
	0x00, 0x00, 0x00, 0x00, 0x00, 0x00, 0x00, 0x00, 0x00, 0x00, 0x25, 
	0x27, 0x1e, 0x1e, 0x20, 0x28, 0x00, 0x00, 0x00, 0x00, 0x00, 0x00, 
	0x20, 0x00, 0x00, 0x00, 0x00, 0x00, 0x00, 0x00, 0x00, 0x13, 0x11, 
	0x0a, 0x15, 0x0b, 0x00, 0x00, 0x00, 0x00, 0x00, 0x00, 0x00, 0x00, 
	0x00, 0x00, 0x00, 0x24, 0x22, 0x27, 0x27, 0x22, 0x23, 0x00, 0x00, 
	0x00, 0x00, 0x00, 0x00, 0x00, 0x2a, 0x01, 0x27, 0x01, 0x1c, 0x00, 
	0x00, 0x00, 0x00, 0x00, 0x00, 0x00, 0x00, 0x00, 0x00, 0x00, 0x00, 
	0x00, 0x00, 0x00, 0x00, 0x1f, 0x01, 0x22, 0x01, 0x22, 0x27, 0x22, 
	0x3b, 0x00, 0x00, 0x00, 0x00, 0x00, 0x00, 0x00, 0x00, 0x00, 0x00, 
	0x00, 0x00, 0x00, 0x00, 0x39, 0x1e, 0x01, 0x27, 0x01, 0x1d, 0x00, 
	0x00, 0x00, 0x00, 0x00, 0x00, 0x00, 0x00, 0x00, 0x00, 0x00, 0x00, 
	0x00, 0x00, 0x00, 0x00, 0x00, 0x00, 0x00, 0x00, 0x00, 0x00, 0x00, 
	0x00, 0x00, 0x34, 0x08, 0x08, 0x08, 0x32, 0x00, 0x00, 0x00, 0x00, 
	0x00, 0x00, 0x00, 0x00, 0x00, 0x00, 0x00, 0x32, 0x0d, 0x08, 0x08, 
	0x0d, 0x31, 0x00, 0x00, 0x00, 0x00, 0x00, 0x00, 0x26, 0x22, 0x22, 
	0x01, 0x1f, 0x00, 0x00, 0x00, 0x00, 0x00, 0x00, 0x00, 0x00, 0x00, 
	0x00, 0x00, 0x00, 0x00, 0x00, 0x3a, 0x1c, 0x00, 0x00, 0x00, 0x00, 
	0x00, 0x23, 0x1e, 0x1e, 0x3d, 0x00, 0x00, 0x00, 0x00, 0x00, 0x00, 
	0x00, 0x00, 0x00, 0x00, 0x00, 0x36, 0x08, 0x08, 0x04, 0x0d, 0x32, 
	0x00, 0x00, 0x00, 0x00, 0x00, 0x00, 0x00, 0x00, 0x33, 0x04, 0x0d, 
	0x08, 0x08, 0x0f, 0x00, 0x00, 0x00, 0x00, 0x00, 0x00, 0x00, 0x00, 
	0x00, 0x00, 0x00, 0x16, 0x27, 0x27, 0x22, 0x1e, 0x3c, 0x00, 0x00, 
	0x00, 0x00, 0x00, 0x00, 0x20, 0x00, 0x00, 0x00, 0x00, 0x00, 0x00, 
	0x00, 0x00, 0x20, 0x0c, 0x15, 0x0c, 0x0b, 0x00, 0x00, 0x00, 0x00, 
	0x00, 0x00, 0x00, 0x00, 0x00, 0x00, 0x00, 0x3a, 0x1e, 0x27, 0x22, 
	0x27, 0x16, 0x00, 0x00, 0x00, 0x00, 0x00, 0x00, 0x00, 0x2a, 0x01, 
	0x27, 0x01, 0x1c, 0x00, 0x00, 0x00, 0x00, 0x00, 0x00, 0x00, 0x00, 
	0x00, 0x00, 0x00, 0x00, 0x00, 0x00, 0x00, 0x00, 0x20, 0x27, 0x22, 
	0x01, 0x22, 0x27, 0x27, 0x23, 0x00, 0x00, 0x00, 0x00, 0x00, 0x00, 
	0x00, 0x00, 0x00, 0x00, 0x00, 0x00, 0x00, 0x00, 0x39, 0x1e, 0x01, 
	0x27, 0x01, 0x1d, 0x00, 0x00, 0x00, 0x00, 0x00, 0x00, 0x00, 0x00, 
	0x00, 0x00, 0x00, 0x00, 0x00, 0x00, 0x00, 0x00, 0x00, 0x00, 0x00, 
	0x00, 0x00, 0x00, 0x00, 0x00, 0x00, 0x34, 0x08, 0x08, 0x08, 0x32, 
	0x00, 0x00, 0x00, 0x00, 0x00, 0x00, 0x00, 0x00, 0x00, 0x00, 0x00, 
	0x32, 0x0d, 0x08, 0x08, 0x12, 0x32, 0x00, 0x00, 0x00, 0x00, 0x00, 
	0x00, 0x25, 0x2a, 0x1e, 0x27, 0x1f, 0x00, 0x00, 0x00, 0x00, 0x00, 
	0x00, 0x00, 0x00, 0x00, 0x00, 0x00, 0x00, 0x00, 0x00, 0x00, 0x1c, 
	0x00, 0x00, 0x00, 0x00, 0x00, 0x38, 0x0c, 0x27, 0x23, 0x00, 0x00, 
	0x00, 0x00, 0x00, 0x00, 0x00, 0x00, 0x00, 0x00, 0x00, 0x36, 0x08, 
	0x08, 0x04, 0x0d, 0x31, 0x00, 0x00, 0x00, 0x00, 0x00, 0x00, 0x00, 
	0x00, 0x33, 0x04, 0x0d, 0x08, 0x08, 0x0f, 0x00, 0x00, 0x00, 0x00, 
	0x00, 0x00, 0x00, 0x00, 0x00, 0x00, 0x00, 0x24, 0x1e, 0x22, 0x1e, 
	0x1e, 0x1b, 0x00, 0x00, 0x00, 0x00, 0x00, 0x00, 0x20, 0x00, 0x00, 
	0x00, 0x00, 0x00, 0x00, 0x00, 0x00, 0x1a, 0x22, 0x27, 0x19, 0x17, 
	0x00, 0x00, 0x00, 0x00, 0x00, 0x00, 0x00, 0x00, 0x00, 0x00, 0x00, 
	0x00, 0x19, 0x27, 0x27, 0x01, 0x1f, 0x00, 0x00, 0x00, 0x00, 0x00, 
	0x00, 0x00, 0x2a, 0x01, 0x27, 0x01, 0x1c, 0x00, 0x00, 0x00, 0x00, 
	0x00, 0x00, 0x00, 0x00, 0x00, 0x00, 0x00, 0x00, 0x00, 0x00, 0x00, 
	0x00, 0x2a, 0x27, 0x22, 0x01, 0x19, 0x19, 0x27, 0x18, 0x00, 0x00, 
	0x00, 0x00, 0x00, 0x00, 0x00, 0x00, 0x00, 0x00, 0x00, 0x00, 0x00, 
	0x00, 0x28, 0x1e, 0x01, 0x27, 0x27, 0x1d, 0x00, 0x00, 0x00, 0x00, 
	0x00, 0x00, 0x00, 0x00, 0x00, 0x00, 0x00, 0x00, 0x00, 0x00, 0x00, 
	0x00, 0x00, 0x00, 0x00, 0x00, 0x00, 0x00, 0x00, 0x00, 0x00, 0x06, 
	0x08, 0x08, 0x0d, 0x37, 0x00, 0x00, 0x00, 0x00, 0x00, 0x00, 0x00, 
	0x00, 0x00, 0x00, 0x00, 0x31, 0x09, 0x12, 0x08, 0x08, 0x34, 0x00, 
	0x00, 0x00, 0x00, 0x00, 0x00, 0x0f, 0x11, 0x11, 0x0a, 0x18, 0x33, 
	0x00, 0x00, 0x00, 0x00, 0x00, 0x00, 0x00, 0x00, 0x00, 0x00, 0x00, 
	0x00, 0x00, 0x00, 0x16, 0x00, 0x00, 0x00, 0x00, 0x00, 0x00, 0x26, 
	0x01, 0x18, 0x00, 0x00, 0x00, 0x00, 0x00, 0x00, 0x00, 0x00, 0x00, 
	0x00, 0x00, 0x0e, 0x04, 0x04, 0x08, 0x04, 0x32, 0x00, 0x00, 0x00, 
	0x00, 0x00, 0x00, 0x00, 0x00, 0x32, 0x05, 0x0d, 0x0d, 0x09, 0x37, 
	0x00, 0x00, 0x00, 0x00, 0x00, 0x00, 0x00, 0x00, 0x00, 0x00, 0x00, 
	0x3a, 0x1e, 0x22, 0x22, 0x22, 0x17, 0x00, 0x00, 0x00, 0x00, 0x00, 
	0x00, 0x20, 0x00, 0x00, 0x00, 0x00, 0x00, 0x00, 0x00, 0x00, 0x26, 
	0x27, 0x22, 0x26, 0x1b, 0x00, 0x00, 0x00, 0x00, 0x00, 0x00, 0x00, 
	0x00, 0x00, 0x00, 0x00, 0x00, 0x26, 0x27, 0x22, 0x01, 0x26, 0x00, 
	0x00, 0x00, 0x00, 0x00, 0x00, 0x00, 0x2a, 0x27, 0x27, 0x01, 0x1d, 
	0x00, 0x00, 0x00, 0x00, 0x00, 0x00, 0x00, 0x00, 0x00, 0x00, 0x00, 
	0x00, 0x00, 0x00, 0x00, 0x3a, 0x1e, 0x27, 0x22, 0x01, 0x1a, 0x26, 
	0x01, 0x1c, 0x00, 0x00, 0x00, 0x00, 0x00, 0x00, 0x00, 0x00, 0x00, 
	0x00, 0x00, 0x00, 0x00, 0x00, 0x3f, 0x2a, 0x01, 0x01, 0x01, 0x1d, 
	0x00, 0x00, 0x00, 0x00, 0x00, 0x00, 0x00, 0x00, 0x00, 0x00, 0x00, 
	0x00, 0x00, 0x00, 0x00, 0x00, 0x00, 0x00, 0x00, 0x00, 0x00, 0x00, 
	0x00, 0x00, 0x00, 0x06, 0x08, 0x08, 0x0d, 0x37, 0x00, 0x00, 0x00, 
	0x00, 0x00, 0x00, 0x00, 0x00, 0x00, 0x00, 0x00, 0x31, 0x34, 0x08, 
	0x08, 0x04, 0x34, 0x00, 0x00, 0x00, 0x00, 0x00, 0x00, 0x0f, 0x0d, 
	0x04, 0x0d, 0x0e, 0x00, 0x00, 0x00, 0x00, 0x00, 0x00, 0x00, 0x00, 
	0x00, 0x00, 0x00, 0x00, 0x00, 0x00, 0x00, 0x24, 0x28, 0x00, 0x00, 
	0x00, 0x00, 0x00, 0x1f, 0x27, 0x1f, 0x00, 0x00, 0x00, 0x00, 0x00, 
	0x00, 0x00, 0x00, 0x00, 0x00, 0x3f, 0x09, 0x12, 0x04, 0x0d, 0x04, 
	0x32, 0x00, 0x00, 0x00, 0x00, 0x00, 0x00, 0x00, 0x00, 0x31, 0x04, 
	0x12, 0x0d, 0x0d, 0x3b, 0x00, 0x00, 0x00, 0x00, 0x00, 0x00, 0x00, 
	0x00, 0x00, 0x00, 0x00, 0x3f, 0x2a, 0x22, 0x22, 0x01, 0x1d, 0x00, 
	0x00, 0x00, 0x00, 0x00, 0x00, 0x20, 0x00, 0x00, 0x00, 0x00, 0x00, 
	0x00, 0x00, 0x00, 0x26, 0x01, 0x27, 0x1a, 0x16, 0x00, 0x00, 0x00, 
	0x00, 0x00, 0x00, 0x00, 0x00, 0x00, 0x00, 0x00, 0x00, 0x1c, 0x22, 
	0x1e, 0x27, 0x19, 0x28, 0x00, 0x00, 0x00, 0x00, 0x00, 0x00, 0x2a, 
	0x27, 0x27, 0x01, 0x1d, 0x00, 0x00, 0x00, 0x00, 0x00, 0x00, 0x00, 
	0x00, 0x00, 0x00, 0x00, 0x00, 0x00, 0x00, 0x00, 0x23, 0x22, 0x27, 
	0x22, 0x01, 0x20, 0x1f, 0x01, 0x20, 0x00, 0x00, 0x00, 0x00, 0x00, 
	0x00, 0x00, 0x00, 0x00, 0x00, 0x00, 0x00, 0x00, 0x00, 0x00, 0x26, 
	0x22, 0x01, 0x01, 0x1d, 0x00, 0x00, 0x00, 0x00, 0x00, 0x00, 0x00, 
	0x00, 0x00, 0x00, 0x00, 0x00, 0x00, 0x00, 0x00, 0x00, 0x00, 0x00, 
	0x00, 0x00, 0x00, 0x00, 0x00, 0x00, 0x00, 0x03, 0x08, 0x08, 0x12, 
	0x37, 0x00, 0x00, 0x00, 0x00, 0x00, 0x00, 0x00, 0x00, 0x00, 0x00, 
	0x00, 0x00, 0x36, 0x08, 0x08, 0x08, 0x34, 0x00, 0x00, 0x00, 0x00, 
	0x00, 0x00, 0x0e, 0x12, 0x08, 0x08, 0x37, 0x00, 0x00, 0x00, 0x00, 
	0x00, 0x00, 0x00, 0x00, 0x00, 0x00, 0x00, 0x00, 0x00, 0x00, 0x00, 
	0x1b, 0x3f, 0x00, 0x00, 0x00, 0x00, 0x00, 0x18, 0x27, 0x21, 0x00, 
	0x00, 0x00, 0x00, 0x00, 0x00, 0x00, 0x00, 0x00, 0x00, 0x33, 0x09, 
	0x0d, 0x12, 0x0d, 0x05, 0x33, 0x00, 0x00, 0x00, 0x00, 0x00, 0x00, 
	0x00, 0x00, 0x31, 0x04, 0x04, 0x04, 0x11, 0x18, 0x00, 0x00, 0x00, 
	0x00, 0x00, 0x00, 0x00, 0x00, 0x00, 0x00, 0x00, 0x00, 0x26, 0x27, 
	0x22, 0x27, 0x25, 0x00, 0x00, 0x00, 0x00, 0x00, 0x00, 0x20, 0x00, 
	0x00, 0x00, 0x00, 0x00, 0x00, 0x00, 0x00, 0x21, 0x27, 0x22, 0x01, 
	0x20, 0x00, 0x00, 0x00, 0x00, 0x00, 0x00, 0x00, 0x00, 0x00, 0x00, 
	0x00, 0x00, 0x16, 0x27, 0x1e, 0x22, 0x1e, 0x3c, 0x00, 0x00, 0x00, 
	0x00, 0x00, 0x00, 0x2a, 0x27, 0x27, 0x01, 0x1d, 0x00, 0x00, 0x00, 
	0x00, 0x00, 0x00, 0x00, 0x00, 0x00, 0x00, 0x00, 0x00, 0x00, 0x00, 
	0x00, 0x16, 0x01, 0x22, 0x27, 0x27, 0x25, 0x1d, 0x01, 0x21, 0x00, 
	0x00, 0x00, 0x00, 0x00, 0x00, 0x00, 0x00, 0x00, 0x00, 0x00, 0x00, 
	0x00, 0x00, 0x00, 0x26, 0x22, 0x27, 0x01, 0x1d, 0x00, 0x00, 0x00, 
	0x00, 0x00, 0x00, 0x00, 0x00, 0x00, 0x00, 0x00, 0x00, 0x00, 0x00, 
	0x00, 0x00, 0x00, 0x00, 0x00, 0x00, 0x00, 0x00, 0x00, 0x00, 0x00, 
	0x03, 0x08, 0x08, 0x12, 0x37, 0x00, 0x00, 0x00, 0x00, 0x00, 0x00, 
	0x00, 0x00, 0x00, 0x00, 0x00, 0x00, 0x37, 0x08, 0x08, 0x08, 0x07, 
	0x00, 0x00, 0x00, 0x00, 0x00, 0x00, 0x14, 0x12, 0x08, 0x08, 0x0f, 
	0x00, 0x00, 0x00, 0x00, 0x00, 0x00, 0x00, 0x00, 0x00, 0x00, 0x00, 
	0x00, 0x00, 0x00, 0x00, 0x00, 0x00, 0x00, 0x00, 0x00, 0x00, 0x00, 
	0x23, 0x2a, 0x20, 0x39, 0x00, 0x00, 0x00, 0x00, 0x00, 0x00, 0x00, 
	0x00, 0x00, 0x1b, 0x10, 0x04, 0x0d, 0x0d, 0x35, 0x33, 0x00, 0x00, 
	0x00, 0x00, 0x00, 0x00, 0x00, 0x00, 0x31, 0x07, 0x08, 0x0a, 0x15, 
	0x1c, 0x00, 0x00, 0x00, 0x00, 0x00, 0x00, 0x00, 0x00, 0x00, 0x00, 
	0x00, 0x00, 0x1f, 0x27, 0x1e, 0x22, 0x1a, 0x29, 0x00, 0x00, 0x00, 
	0x00, 0x00, 0x0a, 0x00, 0x00, 0x00, 0x00, 0x00, 0x00, 0x00, 0x00, 
	0x1a, 0x27, 0x1e, 0x01, 0x20, 0x00, 0x00, 0x00, 0x00, 0x00, 0x00, 
	0x00, 0x00, 0x00, 0x00, 0x00, 0x00, 0x24, 0x01, 0x27, 0x27, 0x27, 
	0x23, 0x00, 0x00, 0x00, 0x00, 0x00, 0x00, 0x2a, 0x27, 0x27, 0x01, 
	0x1d, 0x00, 0x00, 0x00, 0x00, 0x00, 0x00, 0x00, 0x00, 0x00, 0x00, 
	0x00, 0x00, 0x00, 0x00, 0x00, 0x1c, 0x01, 0x22, 0x01, 0x27, 0x23, 
	0x3c, 0x27, 0x2a, 0x3e, 0x00, 0x00, 0x00, 0x00, 0x00, 0x00, 0x00, 
	0x00, 0x00, 0x00, 0x00, 0x00, 0x00, 0x28, 0x2a, 0x01, 0x01, 0x01, 
	0x1d, 0x00, 0x00, 0x00, 0x00, 0x00, 0x00, 0x00, 0x00, 0x00, 0x00, 
	0x00, 0x00, 0x00, 0x00, 0x00, 0x00, 0x00, 0x00, 0x00, 0x00, 0x00, 
	0x00, 0x00, 0x00, 0x00, 0x03, 0x08, 0x08, 0x12, 0x37, 0x00, 0x00, 
	0x00, 0x00, 0x00, 0x00, 0x00, 0x00, 0x00, 0x00, 0x00, 0x00, 0x39, 
	0x0d, 0x08, 0x08, 0x06, 0x00, 0x00, 0x00, 0x00, 0x00, 0x00, 0x34, 
	0x08, 0x08, 0x08, 0x14, 0x00, 0x00, 0x00, 0x00, 0x00, 0x00, 0x00, 
	0x00, 0x00, 0x00, 0x00, 0x00, 0x00, 0x00, 0x00, 0x00, 0x00, 0x00, 
	0x00, 0x00, 0x00, 0x00, 0x38, 0x17, 0x3b, 0x00, 0x00, 0x00, 0x00, 
	0x00, 0x00, 0x00, 0x00, 0x00, 0x00, 0x16, 0x0b, 0x0b, 0x11, 0x09, 
	0x31, 0x00, 0x00, 0x00, 0x00, 0x00, 0x00, 0x00, 0x00, 0x00, 0x00, 
	0x0e, 0x0b, 0x0c, 0x22, 0x1d, 0x00, 0x00, 0x00, 0x00, 0x00, 0x00, 
	0x00, 0x00, 0x00, 0x00, 0x00, 0x00, 0x1c, 0x22, 0x21, 0x20, 0x26, 
	0x3c, 0x00, 0x00, 0x00, 0x00, 0x00, 0x20, 0x00, 0x00, 0x00, 0x00, 
	0x00, 0x00, 0x00, 0x00, 0x21, 0x01, 0x27, 0x22, 0x25, 0x00, 0x00, 
	0x00, 0x00, 0x00, 0x00, 0x00, 0x00, 0x00, 0x00, 0x00, 0x00, 0x3d, 
	0x27, 0x01, 0x27, 0x27, 0x17, 0x00, 0x00, 0x00, 0x00, 0x00, 0x00, 
	0x2a, 0x27, 0x27, 0x01, 0x1d, 0x00, 0x00, 0x00, 0x00, 0x00, 0x00, 
	0x00, 0x00, 0x00, 0x00, 0x00, 0x00, 0x00, 0x00, 0x00, 0x26, 0x01, 
	0x22, 0x01, 0x22, 0x1b, 0x00, 0x2a, 0x22, 0x3d, 0x00, 0x00, 0x00, 
	0x00, 0x00, 0x00, 0x00, 0x00, 0x00, 0x00, 0x00, 0x00, 0x00, 0x3e, 
	0x1e, 0x01, 0x27, 0x01, 0x1d, 0x00, 0x00, 0x00, 0x00, 0x00, 0x00, 
	0x00, 0x00, 0x00, 0x00, 0x00, 0x00, 0x00, 0x00, 0x00, 0x00, 0x00, 
	0x00, 0x00, 0x00, 0x00, 0x00, 0x00, 0x00, 0x00, 0x03, 0x08, 0x08, 
	0x12, 0x37, 0x00, 0x00, 0x00, 0x00, 0x00, 0x00, 0x00, 0x00, 0x00, 
	0x00, 0x00, 0x00, 0x33, 0x06, 0x08, 0x08, 0x03, 0x00, 0x00, 0x00, 
	0x00, 0x00, 0x00, 0x34, 0x08, 0x08, 0x08, 0x0f, 0x00, 0x00, 0x00, 
	0x00, 0x00, 0x00, 0x00, 0x00, 0x00, 0x00, 0x00, 0x00, 0x00, 0x00, 
	0x00, 0x00, 0x00, 0x00, 0x00, 0x00, 0x00, 0x00, 0x00, 0x1b, 0x3c, 
	0x3a, 0x00, 0x00, 0x00, 0x00, 0x00, 0x00, 0x00, 0x00, 0x00, 0x16, 
	0x1e, 0x1e, 0x0b, 0x11, 0x32, 0x00, 0x00, 0x00, 0x00, 0x00, 0x00, 
	0x00, 0x00, 0x00, 0x00, 0x16, 0x1a, 0x0c, 0x19, 0x16, 0x00, 0x00, 
	0x00, 0x00, 0x00, 0x00, 0x00, 0x00, 0x00, 0x00, 0x00, 0x00, 0x1d, 
	0x0c, 0x1c, 0x16, 0x25, 0x3b, 0x00, 0x00, 0x00, 0x00, 0x00, 0x20, 
	0x00, 0x00, 0x00, 0x00, 0x00, 0x00, 0x00, 0x00, 0x26, 0x27, 0x01, 
	0x27, 0x1f, 0x00, 0x00, 0x00, 0x00, 0x00, 0x00, 0x00, 0x00, 0x00, 
	0x00, 0x00, 0x00, 0x3c, 0x1e, 0x27, 0x22, 0x22, 0x18, 0x00, 0x00, 
	0x00, 0x00, 0x00, 0x00, 0x2a, 0x27, 0x27, 0x01, 0x1c, 0x00, 0x00, 
	0x00, 0x00, 0x00, 0x00, 0x00, 0x00, 0x00, 0x00, 0x00, 0x00, 0x00, 
	0x00, 0x3f, 0x2a, 0x01, 0x27, 0x01, 0x2a, 0x3f, 0x00, 0x21, 0x27, 
	0x17, 0x00, 0x00, 0x00, 0x00, 0x00, 0x00, 0x00, 0x00, 0x00, 0x00, 
	0x00, 0x00, 0x00, 0x39, 0x1e, 0x01, 0x22, 0x01, 0x1d, 0x00, 0x00, 
	0x00, 0x00, 0x00, 0x00, 0x00, 0x00, 0x00, 0x00, 0x00, 0x00, 0x00, 
	0x00, 0x00, 0x00, 0x00, 0x00, 0x00, 0x00, 0x00, 0x00, 0x00, 0x00, 
	0x00, 0x06, 0x08, 0x08, 0x12, 0x37, 0x00, 0x00, 0x00, 0x00, 0x00, 
	0x00, 0x00, 0x00, 0x00, 0x00, 0x00, 0x00, 0x00, 0x06, 0x12, 0x08, 
	0x03, 0x33, 0x00, 0x00, 0x00, 0x00, 0x00, 0x34, 0x08, 0x08, 0x08, 
	0x0f, 0x00, 0x00, 0x00, 0x00, 0x00, 0x00, 0x00, 0x00, 0x00, 0x00, 
	0x00, 0x00, 0x00, 0x00, 0x00, 0x00, 0x00, 0x00, 0x00, 0x00, 0x00, 
	0x00, 0x00, 0x29, 0x1c, 0x3d, 0x00, 0x00, 0x00, 0x00, 0x00, 0x00, 
	0x00, 0x00, 0x00, 0x0a, 0x1e, 0x0c, 0x0b, 0x18, 0x39, 0x00, 0x00, 
	0x00, 0x00, 0x00, 0x00, 0x00, 0x00, 0x00, 0x39, 0x03, 0x12, 0x0d, 
	0x11, 0x0e, 0x00, 0x00, 0x00, 0x00, 0x00, 0x00, 0x00, 0x00, 0x00, 
	0x00, 0x00, 0x00, 0x16, 0x0c, 0x1c, 0x18, 0x25, 0x23, 0x00, 0x00, 
	0x00, 0x00, 0x00, 0x20, 0x00, 0x00, 0x00, 0x00, 0x00, 0x00, 0x00, 
	0x00, 0x19, 0x27, 0x22, 0x01, 0x1f, 0x00, 0x00, 0x00, 0x00, 0x00, 
	0x00, 0x00, 0x00, 0x00, 0x00, 0x00, 0x00, 0x3e, 0x2a, 0x01, 0x27, 
	0x01, 0x1f, 0x00, 0x00, 0x00, 0x00, 0x00, 0x00, 0x2a, 0x01, 0x27, 
	0x01, 0x1c, 0x00, 0x00, 0x00, 0x00, 0x00, 0x00, 0x00, 0x00, 0x00, 
	0x00, 0x00, 0x00, 0x00, 0x00, 0x3a, 0x22, 0x01, 0x01, 0x27, 0x21, 
	0x00, 0x00, 0x20, 0x22, 0x17, 0x00, 0x00, 0x00, 0x00, 0x00, 0x00, 
	0x00, 0x00, 0x00, 0x00, 0x00, 0x00, 0x00, 0x39, 0x1e, 0x01, 0x27, 
	0x01, 0x1d, 0x00, 0x00, 0x00, 0x00, 0x00, 0x00, 0x00, 0x00, 0x00, 
	0x00, 0x00, 0x00, 0x00, 0x00, 0x00, 0x00, 0x00, 0x00, 0x00, 0x00, 
	0x00, 0x00, 0x00, 0x00, 0x00, 0x06, 0x08, 0x08, 0x12, 0x37, 0x00, 
	0x00, 0x00, 0x00, 0x00, 0x00, 0x00, 0x00, 0x00, 0x00, 0x00, 0x00, 
	0x00, 0x03, 0x12, 0x08, 0x08, 0x39, 0x00, 0x00, 0x00, 0x00, 0x00, 
	0x07, 0x08, 0x08, 0x08, 0x0f, 0x00, 0x00, 0x00, 0x00, 0x00, 0x00, 
	0x00, 0x00, 0x00, 0x00, 0x00, 0x00, 0x00, 0x00, 0x00, 0x00, 0x00, 
	0x00, 0x00, 0x00, 0x00, 0x00, 0x00, 0x16, 0x0c, 0x1c, 0x00, 0x00, 
	0x00, 0x00, 0x00, 0x00, 0x00, 0x00, 0x29, 0x0c, 0x0c, 0x0a, 0x10, 
	0x18, 0x00, 0x00, 0x00, 0x00, 0x00, 0x00, 0x00, 0x00, 0x00, 0x00, 
	0x33, 0x11, 0x11, 0x0d, 0x0d, 0x36, 0x00, 0x00, 0x00, 0x00, 0x00, 
	0x00, 0x00, 0x00, 0x00, 0x00, 0x00, 0x00, 0x23, 0x22, 0x1a, 0x26, 
	0x19, 0x18, 0x00, 0x00, 0x00, 0x00, 0x00, 0x20, 0x00, 0x00, 0x00, 
	0x00, 0x00, 0x00, 0x00, 0x00, 0x1a, 0x27, 0x27, 0x01, 0x1f, 0x00, 
	0x00, 0x00, 0x00, 0x00, 0x00, 0x00, 0x00, 0x00, 0x00, 0x00, 0x00, 
	0x28, 0x1e, 0x01, 0x01, 0x01, 0x1f, 0x00, 0x00, 0x00, 0x00, 0x00, 
	0x00, 0x1e, 0x01, 0x01, 0x01, 0x1d, 0x00, 0x00, 0x00, 0x00, 0x00, 
	0x00, 0x00, 0x00, 0x00, 0x00, 0x00, 0x00, 0x00, 0x00, 0x17, 0x1e, 
	0x27, 0x01, 0x01, 0x1f, 0x00, 0x00, 0x1d, 0x1a, 0x23, 0x00, 0x00, 
	0x00, 0x00, 0x00, 0x00, 0x00, 0x00, 0x00, 0x00, 0x00, 0x00, 0x00, 
	0x39, 0x1e, 0x01, 0x01, 0x01, 0x1d, 0x00, 0x00, 0x00, 0x00, 0x00, 
	0x00, 0x00, 0x00, 0x00, 0x00, 0x00, 0x00, 0x00, 0x00, 0x00, 0x00, 
	0x00, 0x00, 0x00, 0x00, 0x00, 0x00, 0x00, 0x00, 0x00, 0x07, 0x0d, 
	0x0d, 0x10, 0x33, 0x00, 0x00, 0x00, 0x00, 0x00, 0x00, 0x00, 0x00, 
	0x00, 0x00, 0x00, 0x00, 0x39, 0x0b, 0x11, 0x12, 0x08, 0x31, 0x00, 
	0x00, 0x00, 0x00, 0x00, 0x07, 0x08, 0x08, 0x08, 0x0f, 0x00, 0x00, 
	0x00, 0x00, 0x00, 0x00, 0x00, 0x00, 0x00, 0x00, 0x00, 0x00, 0x00, 
	0x00, 0x00, 0x00, 0x00, 0x00, 0x00, 0x00, 0x00, 0x00, 0x00, 0x18, 
	0x27, 0x20, 0x00, 0x00, 0x00, 0x00, 0x00, 0x00, 0x00, 0x00, 0x14, 
	0x0b, 0x0a, 0x09, 0x10, 0x13, 0x00, 0x00, 0x00, 0x00, 0x00, 0x00, 
	0x00, 0x00, 0x00, 0x00, 0x28, 0x1a, 0x22, 0x19, 0x26, 0x17, 0x00, 
	0x00, 0x00, 0x00, 0x00, 0x00, 0x00, 0x00, 0x00, 0x00, 0x00, 0x00, 
	0x23, 0x0c, 0x22, 0x22, 0x22, 0x18, 0x00, 0x00, 0x00, 0x00, 0x00, 
	0x20, 0x00, 0x00, 0x00, 0x00, 0x00, 0x00, 0x00, 0x00, 0x1a, 0x27, 
	0x27, 0x01, 0x1f, 0x00, 0x00, 0x00, 0x00, 0x00, 0x00, 0x00, 0x00, 
	0x00, 0x00, 0x00, 0x00, 0x00, 0x19, 0x22, 0x22, 0x01, 0x26, 0x00, 
	0x00, 0x00, 0x00, 0x00, 0x00, 0x2a, 0x27, 0x22, 0x27, 0x1d, 0x00, 
	0x00, 0x00, 0x00, 0x00, 0x00, 0x00, 0x00, 0x00, 0x00, 0x00, 0x00, 
	0x00, 0x00, 0x18, 0x01, 0x27, 0x27, 0x01, 0x18, 0x00, 0x00, 0x16, 
	0x22, 0x20, 0x00, 0x00, 0x00, 0x00, 0x00, 0x00, 0x00, 0x00, 0x00, 
	0x00, 0x00, 0x00, 0x00, 0x39, 0x1e, 0x01, 0x01, 0x01, 0x1d, 0x00, 
	0x00, 0x00, 0x00, 0x00, 0x00, 0x00, 0x00, 0x00, 0x00, 0x00, 0x00, 
	0x00, 0x00, 0x00, 0x00, 0x00, 0x00, 0x00, 0x00, 0x00, 0x00, 0x00, 
	0x00, 0x00, 0x07, 0x12, 0x10, 0x11, 0x38, 0x00, 0x00, 0x00, 0x00, 
	0x00, 0x00, 0x00, 0x00, 0x00, 0x00, 0x00, 0x00, 0x38, 0x0a, 0x11, 
	0x08, 0x04, 0x37, 0x00, 0x00, 0x00, 0x00, 0x00, 0x07, 0x08, 0x08, 
	0x08, 0x0f, 0x00, 0x00, 0x00, 0x00, 0x00, 0x00, 0x00, 0x00, 0x00, 
	0x00, 0x00, 0x00, 0x00, 0x00, 0x00, 0x00, 0x00, 0x00, 0x00, 0x00, 
	0x00, 0x00, 0x00, 0x17, 0x27, 0x1a, 0x3f, 0x00, 0x00, 0x00, 0x00, 
	0x00, 0x00, 0x00, 0x31, 0x11, 0x0d, 0x09, 0x10, 0x1b, 0x00, 0x00, 
	0x00, 0x00, 0x00, 0x00, 0x00, 0x00, 0x00, 0x00, 0x00, 0x25, 0x2a, 
	0x1e, 0x27, 0x18, 0x00, 0x00, 0x00, 0x00, 0x00, 0x00, 0x00, 0x00, 
	0x00, 0x00, 0x00, 0x00, 0x00, 0x18, 0x1e, 0x22, 0x22, 0x18, 0x00, 
	0x00, 0x00, 0x00, 0x00, 0x20, 0x00, 0x00, 0x00, 0x00, 0x00, 0x00, 
	0x00, 0x00, 0x1a, 0x27, 0x27, 0x01, 0x1f, 0x00, 0x00, 0x00, 0x00, 
	0x00, 0x00, 0x00, 0x00, 0x00, 0x00, 0x00, 0x00, 0x00, 0x19, 0x01, 
	0x27, 0x22, 0x26, 0x00, 0x00, 0x00, 0x00, 0x00, 0x39, 0x2a, 0x01, 
	0x27, 0x01, 0x1c, 0x00, 0x00, 0x00, 0x00, 0x00, 0x00, 0x00, 0x00, 
	0x00, 0x00, 0x00, 0x00, 0x00, 0x00, 0x1f, 0x01, 0x22, 0x27, 0x27, 
	0x23, 0x00, 0x00, 0x3d, 0x01, 0x1e, 0x00, 0x00, 0x00, 0x00, 0x00, 
	0x00, 0x00, 0x00, 0x00, 0x00, 0x00, 0x00, 0x00, 0x39, 0x1e, 0x01, 
	0x01, 0x01, 0x1d, 0x00, 0x00, 0x00, 0x00, 0x00, 0x00, 0x00, 0x00, 
	0x00, 0x00, 0x00, 0x00, 0x00, 0x00, 0x00, 0x00, 0x00, 0x00, 0x00, 
	0x00, 0x00, 0x00, 0x00, 0x00, 0x00, 0x17, 0x0b, 0x15, 0x15, 0x3b, 
	0x00, 0x00, 0x00, 0x00, 0x00, 0x00, 0x00, 0x00, 0x00, 0x00, 0x00, 
	0x00, 0x00, 0x16, 0x0d, 0x04, 0x08, 0x36, 0x00, 0x00, 0x00, 0x00, 
	0x00, 0x06, 0x08, 0x08, 0x08, 0x0f, 0x00, 0x00, 0x00, 0x00, 0x00, 
	0x00, 0x00, 0x00, 0x00, 0x00, 0x00, 0x00, 0x00, 0x00, 0x00, 0x00, 
	0x00, 0x00, 0x00, 0x00, 0x00, 0x00, 0x00, 0x1b, 0x22, 0x2a, 0x3a, 
	0x00, 0x00, 0x00, 0x00, 0x00, 0x00, 0x33, 0x36, 0x04, 0x04, 0x0d, 
	0x10, 0x33, 0x00, 0x00, 0x00, 0x00, 0x00, 0x00, 0x00, 0x00, 0x00, 
	0x00, 0x00, 0x13, 0x10, 0x11, 0x15, 0x1f, 0x00, 0x00, 0x00, 0x00, 
	0x00, 0x00, 0x00, 0x00, 0x00, 0x00, 0x00, 0x00, 0x00, 0x18, 0x1e, 
	0x22, 0x22, 0x1d, 0x00, 0x00, 0x00, 0x00, 0x00, 0x20, 0x00, 0x00, 
	0x00, 0x00, 0x00, 0x00, 0x00, 0x00, 0x1a, 0x27, 0x27, 0x01, 0x1f, 
	0x00, 0x00, 0x00, 0x00, 0x00, 0x00, 0x00, 0x00, 0x00, 0x00, 0x00, 
	0x00, 0x00, 0x20, 0x2a, 0x22, 0x01, 0x1a, 0x00, 0x00, 0x00, 0x00, 
	0x00, 0x3f, 0x26, 0x1e, 0x22, 0x27, 0x1c, 0x00, 0x00, 0x00, 0x00, 
	0x00, 0x00, 0x00, 0x00, 0x00, 0x00, 0x00, 0x00, 0x00, 0x00, 0x19, 
	0x01, 0x22, 0x01, 0x1e, 0x3c, 0x00, 0x00, 0x3a, 0x1e, 0x1e, 0x3c, 
	0x00, 0x00, 0x00, 0x00, 0x00, 0x00, 0x00, 0x00, 0x00, 0x00, 0x00, 
	0x00, 0x39, 0x1e, 0x01, 0x01, 0x01, 0x1d, 0x00, 0x00, 0x00, 0x00, 
	0x00, 0x00, 0x00, 0x00, 0x00, 0x00, 0x00, 0x00, 0x00, 0x00, 0x00, 
	0x00, 0x00, 0x00, 0x00, 0x00, 0x00, 0x00, 0x00, 0x00, 0x00, 0x0b, 
	0x0c, 0x22, 0x22, 0x3d, 0x00, 0x00, 0x00, 0x00, 0x00, 0x00, 0x00, 
	0x00, 0x00, 0x00, 0x00, 0x00, 0x00, 0x0b, 0x0a, 0x12, 0x12, 0x37, 
	0x00, 0x00, 0x00, 0x00, 0x00, 0x06, 0x08, 0x08, 0x08, 0x0f, 0x00, 
	0x00, 0x00, 0x00, 0x00, 0x00, 0x00, 0x00, 0x00, 0x00, 0x00, 0x00, 
	0x00, 0x00, 0x00, 0x00, 0x00, 0x00, 0x00, 0x00, 0x00, 0x00, 0x00, 
	0x39, 0x2a, 0x1e, 0x3d, 0x00, 0x00, 0x00, 0x00, 0x00, 0x00, 0x33, 
	0x05, 0x0d, 0x0d, 0x0d, 0x09, 0x3f, 0x00, 0x00, 0x00, 0x00, 0x00, 
	0x00, 0x00, 0x00, 0x00, 0x00, 0x00, 0x1c, 0x0b, 0x0b, 0x0c, 0x1c, 
	0x00, 0x00, 0x00, 0x00, 0x00, 0x00, 0x00, 0x00, 0x00, 0x00, 0x00, 
	0x00, 0x3c, 0x19, 0x22, 0x22, 0x22, 0x1c, 0x00, 0x00, 0x00, 0x00, 
	0x00, 0x20, 0x00, 0x00, 0x00, 0x00, 0x00, 0x00, 0x00, 0x00, 0x1a, 
	0x27, 0x27, 0x01, 0x1f, 0x00, 0x00, 0x00, 0x00, 0x00, 0x00, 0x00, 
	0x00, 0x00, 0x00, 0x00, 0x00, 0x00, 0x1f, 0x1a, 0x2a, 0x27, 0x19, 
	0x00, 0x00, 0x00, 0x00, 0x00, 0x00, 0x16, 0x1f, 0x26, 0x1a, 0x16, 
	0x00, 0x00, 0x00, 0x00, 0x00, 0x00, 0x00, 0x00, 0x00, 0x00, 0x00, 
	0x00, 0x00, 0x3e, 0x20, 0x22, 0x01, 0x01, 0x2a, 0x39, 0x00, 0x00, 
	0x3f, 0x19, 0x22, 0x24, 0x00, 0x00, 0x00, 0x00, 0x00, 0x00, 0x00, 
	0x00, 0x00, 0x00, 0x00, 0x00, 0x39, 0x1e, 0x01, 0x01, 0x01, 0x1d, 
	0x00, 0x00, 0x00, 0x00, 0x00, 0x00, 0x00, 0x00, 0x00, 0x00, 0x00, 
	0x00, 0x00, 0x00, 0x00, 0x00, 0x00, 0x00, 0x00, 0x00, 0x00, 0x00, 
	0x00, 0x00, 0x00, 0x1a, 0x27, 0x27, 0x22, 0x1b, 0x00, 0x00, 0x00, 
	0x00, 0x00, 0x00, 0x00, 0x00, 0x00, 0x00, 0x00, 0x00, 0x00, 0x1a, 
	0x0c, 0x11, 0x0d, 0x3f, 0x00, 0x00, 0x00, 0x00, 0x33, 0x06, 0x08, 
	0x08, 0x0d, 0x0f, 0x00, 0x00, 0x00, 0x00, 0x00, 0x00, 0x00, 0x00, 
	0x00, 0x00, 0x00, 0x00, 0x00, 0x00, 0x00, 0x00, 0x00, 0x00, 0x00, 
	0x00, 0x00, 0x00, 0x00, 0x00, 0x21, 0x27, 0x17, 0x00, 0x00, 0x00, 
	0x00, 0x00, 0x00, 0x31, 0x05, 0x08, 0x08, 0x08, 0x09, 0x33, 0x00, 
	0x00, 0x00, 0x00, 0x00, 0x00, 0x00, 0x00, 0x00, 0x00, 0x00, 0x21, 
	0x27, 0x22, 0x27, 0x18, 0x00, 0x00, 0x00, 0x00, 0x00, 0x00, 0x00, 
	0x00, 0x00, 0x00, 0x00, 0x00, 0x3c, 0x1e, 0x22, 0x22, 0x27, 0x1f, 
	0x00, 0x00, 0x00, 0x00, 0x00, 0x20, 0x00, 0x00, 0x00, 0x00, 0x00, 
	0x00, 0x00, 0x00, 0x1a, 0x27, 0x27, 0x01, 0x1f, 0x00, 0x00, 0x00, 
	0x00, 0x00, 0x00, 0x00, 0x00, 0x00, 0x00, 0x00, 0x00, 0x00, 0x20, 
	0x1e, 0x27, 0x27, 0x19, 0x3f, 0x00, 0x00, 0x00, 0x00, 0x3a, 0x21, 
	0x2a, 0x21, 0x21, 0x17, 0x00, 0x00, 0x00, 0x00, 0x00, 0x00, 0x00, 
	0x00, 0x00, 0x00, 0x00, 0x00, 0x00, 0x00, 0x23, 0x2a, 0x01, 0x27, 
	0x26, 0x00, 0x00, 0x00, 0x00, 0x26, 0x01, 0x17, 0x00, 0x00, 0x00, 
	0x00, 0x00, 0x00, 0x00, 0x00, 0x00, 0x00, 0x00, 0x00, 0x39, 0x1e, 
	0x01, 0x01, 0x01, 0x1d, 0x00, 0x00, 0x00, 0x00, 0x00, 0x00, 0x00, 
	0x00, 0x00, 0x00, 0x00, 0x00, 0x00, 0x00, 0x00, 0x00, 0x00, 0x00, 
	0x00, 0x00, 0x00, 0x00, 0x00, 0x00, 0x00, 0x26, 0x27, 0x27, 0x27, 
	0x3b, 0x00, 0x00, 0x00, 0x00, 0x00, 0x00, 0x00, 0x00, 0x00, 0x00, 
	0x00, 0x00, 0x00, 0x20, 0x22, 0x0b, 0x0d, 0x38, 0x00, 0x00, 0x00, 
	0x00, 0x33, 0x04, 0x08, 0x08, 0x0d, 0x0f, 0x00, 0x00, 0x00, 0x00, 
	0x00, 0x00, 0x00, 0x00, 0x00, 0x00, 0x00, 0x00, 0x00, 0x00, 0x00, 
	0x00, 0x00, 0x00, 0x00, 0x00, 0x00, 0x00, 0x00, 0x00, 0x25, 0x01, 
	0x1d, 0x00, 0x00, 0x00, 0x00, 0x00, 0x00, 0x31, 0x04, 0x08, 0x08, 
	0x04, 0x09, 0x33, 0x00, 0x00, 0x00, 0x00, 0x00, 0x00, 0x00, 0x00, 
	0x00, 0x00, 0x00, 0x26, 0x27, 0x27, 0x01, 0x1d, 0x00, 0x00, 0x00, 
	0x00, 0x00, 0x00, 0x00, 0x00, 0x00, 0x00, 0x00, 0x00, 0x3f, 0x2a, 
	0x22, 0x22, 0x22, 0x25, 0x00, 0x00, 0x00, 0x00, 0x00, 0x20, 0x00, 
	0x00, 0x00, 0x00, 0x00, 0x00, 0x00, 0x00, 0x1a, 0x27, 0x27, 0x01, 
	0x1f, 0x00, 0x00, 0x00, 0x00, 0x00, 0x00, 0x00, 0x00, 0x00, 0x00, 
	0x00, 0x00, 0x00, 0x26, 0x01, 0x22, 0x19, 0x0c, 0x28, 0x00, 0x00, 
	0x00, 0x00, 0x39, 0x2a, 0x01, 0x01, 0x27, 0x1d, 0x00, 0x00, 0x00, 
	0x00, 0x00, 0x00, 0x00, 0x00, 0x00, 0x00, 0x00, 0x00, 0x00, 0x3f, 
	0x17, 0x19, 0x27, 0x27, 0x1c, 0x00, 0x00, 0x00, 0x00, 0x1f, 0x01, 
	0x18, 0x00, 0x00, 0x00, 0x00, 0x00, 0x00, 0x00, 0x00, 0x00, 0x00, 
	0x00, 0x00, 0x39, 0x1e, 0x01, 0x01, 0x01, 0x1d, 0x00, 0x00, 0x00, 
	0x00, 0x00, 0x00, 0x00, 0x00, 0x00, 0x00, 0x00, 0x00, 0x00, 0x00, 
	0x00, 0x00, 0x00, 0x00, 0x00, 0x00, 0x00, 0x00, 0x00, 0x00, 0x00, 
	0x1a, 0x27, 0x22, 0x22, 0x1b, 0x00, 0x00, 0x00, 0x00, 0x00, 0x00, 
	0x00, 0x00, 0x00, 0x00, 0x00, 0x00, 0x00, 0x25, 0x22, 0x0b, 0x10, 
	0x3f, 0x00, 0x00, 0x00, 0x00, 0x32, 0x08, 0x08, 0x08, 0x0d, 0x0f, 
	0x00, 0x00, 0x00, 0x00, 0x00, 0x00, 0x00, 0x00, 0x00, 0x00, 0x00, 
	0x00, 0x00, 0x00, 0x00, 0x00, 0x00, 0x00, 0x00, 0x00, 0x00, 0x00, 
	0x00, 0x00, 0x16, 0x1a, 0x1d, 0x00, 0x00, 0x00, 0x00, 0x00, 0x00, 
	0x32, 0x0d, 0x08, 0x08, 0x04, 0x05, 0x33, 0x00, 0x00, 0x00, 0x00, 
	0x00, 0x00, 0x00, 0x00, 0x00, 0x00, 0x00, 0x21, 0x01, 0x22, 0x27, 
	0x1d, 0x00, 0x00, 0x00, 0x00, 0x00, 0x00, 0x00, 0x00, 0x00, 0x00, 
	0x00, 0x00, 0x3f, 0x2a, 0x22, 0x22, 0x1e, 0x25, 0x00, 0x00, 0x00, 
	0x00, 0x00, 0x20, 0x00, 0x00, 0x00, 0x00, 0x00, 0x00, 0x00, 0x00, 
	0x1a, 0x27, 0x27, 0x01, 0x1f, 0x00, 0x00, 0x00, 0x00, 0x00, 0x00, 
	0x00, 0x00, 0x00, 0x00, 0x00, 0x00, 0x00, 0x21, 0x22, 0x26, 0x1f, 
	0x21, 0x3e, 0x00, 0x00, 0x00, 0x00, 0x39, 0x1e, 0x27, 0x22, 0x27, 
	0x1c, 0x00, 0x00, 0x00, 0x00, 0x00, 0x00, 0x00, 0x00, 0x00, 0x00, 
	0x00, 0x00, 0x00, 0x16, 0x27, 0x27, 0x22, 0x01, 0x17, 0x00, 0x00, 
	0x00, 0x00, 0x18, 0x01, 0x25, 0x00, 0x00, 0x00, 0x00, 0x00, 0x00, 
	0x00, 0x00, 0x00, 0x00, 0x00, 0x00, 0x39, 0x1e, 0x01, 0x01, 0x01, 
	0x1d, 0x00, 0x00, 0x00, 0x00, 0x00, 0x00, 0x00, 0x00, 0x00, 0x00, 
	0x00, 0x00, 0x00, 0x00, 0x00, 0x00, 0x00, 0x00, 0x00, 0x00, 0x00, 
	0x00, 0x00, 0x00, 0x00, 0x26, 0x27, 0x27, 0x27, 0x3d, 0x00, 0x00, 
	0x00, 0x00, 0x00, 0x00, 0x00, 0x00, 0x00, 0x00, 0x00, 0x00, 0x00, 
	0x25, 0x22, 0x0c, 0x15, 0x1b, 0x00, 0x00, 0x00, 0x00, 0x32, 0x03, 
	0x08, 0x08, 0x0d, 0x0f, 0x00, 0x00, 0x00, 0x00, 0x00, 0x00, 0x00, 
	0x00, 0x00, 0x00, 0x00, 0x00, 0x00, 0x00, 0x00, 0x00, 0x00, 0x00, 
	0x00, 0x00, 0x00, 0x00, 0x00, 0x00, 0x00, 0x3d, 0x3d, 0x00, 0x00, 
	0x00, 0x00, 0x00, 0x00, 0x32, 0x12, 0x08, 0x08, 0x08, 0x35, 0x33, 
	0x00, 0x00, 0x00, 0x00, 0x00, 0x00, 0x00, 0x00, 0x00, 0x00, 0x00, 
	0x19, 0x27, 0x1e, 0x22, 0x1d, 0x00, 0x00, 0x00, 0x00, 0x00, 0x00, 
	0x00, 0x00, 0x00, 0x00, 0x00, 0x00, 0x3f, 0x2a, 0x22, 0x1e, 0x2a, 
	0x25, 0x00, 0x00, 0x00, 0x00, 0x00, 0x20, 0x00, 0x00, 0x00, 0x00, 
	0x00, 0x00, 0x00, 0x00, 0x1a, 0x01, 0x22, 0x01, 0x25, 0x00, 0x00, 
	0x00, 0x00, 0x00, 0x00, 0x00, 0x00, 0x00, 0x00, 0x00, 0x00, 0x00, 
	0x20, 0x27, 0x1a, 0x26, 0x1a, 0x3a, 0x00, 0x00, 0x00, 0x00, 0x00, 
	0x2a, 0x01, 0x01, 0x01, 0x1c, 0x00, 0x00, 0x00, 0x00, 0x00, 0x00, 
	0x00, 0x00, 0x00, 0x00, 0x00, 0x00, 0x00, 0x20, 0x01, 0x01, 0x27, 
	0x27, 0x17, 0x00, 0x00, 0x00, 0x00, 0x24, 0x01, 0x1a, 0x00, 0x00, 
	0x00, 0x00, 0x00, 0x00, 0x00, 0x00, 0x00, 0x00, 0x00, 0x00, 0x3a, 
	0x1e, 0x01, 0x27, 0x01, 0x1d, 0x00, 0x00, 0x00, 0x00, 0x00, 0x00, 
	0x00, 0x00, 0x00, 0x00, 0x24, 0x24, 0x17, 0x3d, 0x23, 0x00, 0x00, 
	0x00, 0x00, 0x00, 0x00, 0x00, 0x00, 0x00, 0x00, 0x21, 0x01, 0x27, 
	0x22, 0x3b, 0x00, 0x00, 0x00, 0x00, 0x00, 0x00, 0x00, 0x00, 0x00, 
	0x00, 0x00, 0x00, 0x00, 0x20, 0x27, 0x27, 0x27, 0x16, 0x00, 0x00, 
	0x00, 0x00, 0x00, 0x38, 0x09, 0x04, 0x10, 0x23, 0x00, 0x00, 0x00, 
	0x00, 0x00, 0x00, 0x00, 0x00, 0x00, 0x00, 0x00, 0x00, 0x00, 0x00, 
	0x00, 0x00, 0x00, 0x00, 0x00, 0x00, 0x00, 0x00, 0x00, 0x00, 0x00, 
	0x18, 0x16, 0x00, 0x00, 0x00, 0x00, 0x00, 0x00, 0x34, 0x08, 0x08, 
	0x08, 0x10, 0x28, 0x00, 0x00, 0x00, 0x00, 0x00, 0x00, 0x00, 0x00, 
	0x00, 0x00, 0x00, 0x00, 0x1f, 0x27, 0x1e, 0x0c, 0x1d, 0x00, 0x00, 
	0x00, 0x00, 0x00, 0x00, 0x00, 0x00, 0x00, 0x00, 0x00, 0x00, 0x3a, 
	0x2a, 0x22, 0x0c, 0x20, 0x20, 0x00, 0x00, 0x00, 0x00, 0x00, 0x20, 
	0x00, 0x00, 0x00, 0x00, 0x00, 0x00, 0x00, 0x00, 0x1a, 0x01, 0x22, 
	0x01, 0x25, 0x00, 0x00, 0x00, 0x00, 0x00, 0x00, 0x00, 0x00, 0x00, 
	0x00, 0x00, 0x00, 0x00, 0x20, 0x01, 0x22, 0x1e, 0x1e, 0x3a, 0x00, 
	0x00, 0x00, 0x00, 0x28, 0x2a, 0x01, 0x27, 0x27, 0x1c, 0x00, 0x00, 
	0x00, 0x00, 0x00, 0x00, 0x00, 0x00, 0x00, 0x00, 0x00, 0x00, 0x00, 
	0x1a, 0x27, 0x27, 0x01, 0x2a, 0x3b, 0x00, 0x00, 0x00, 0x00, 0x3d, 
	0x27, 0x2a, 0x3e, 0x00, 0x00, 0x00, 0x00, 0x00, 0x00, 0x00, 0x00, 
	0x00, 0x00, 0x00, 0x3a, 0x1e, 0x01, 0x27, 0x01, 0x1d, 0x00, 0x00, 
	0x00, 0x00, 0x00, 0x00, 0x00, 0x00, 0x00, 0x24, 0x27, 0x27, 0x27, 
	0x01, 0x21, 0x00, 0x00, 0x00, 0x00, 0x00, 0x00, 0x00, 0x00, 0x00, 
	0x00, 0x21, 0x01, 0x27, 0x22, 0x3b, 0x00, 0x00, 0x00, 0x00, 0x00, 
	0x00, 0x00, 0x00, 0x00, 0x00, 0x00, 0x00, 0x00, 0x25, 0x01, 0x22, 
	0x1a, 0x1b, 0x00, 0x00, 0x00, 0x00, 0x00, 0x3b, 0x11, 0x0a, 0x0b, 
	0x1c, 0x00, 0x00, 0x00, 0x00, 0x00, 0x00, 0x00, 0x00, 0x00, 0x00, 
	0x00, 0x3f, 0x00, 0x00, 0x00, 0x00, 0x00, 0x00, 0x00, 0x00, 0x00, 
	0x00, 0x00, 0x00, 0x3e, 0x1a, 0x0b, 0x16, 0x00, 0x00, 0x00, 0x00, 
	0x00, 0x34, 0x08, 0x08, 0x08, 0x10, 0x28, 0x00, 0x00, 0x00, 0x00, 
	0x00, 0x00, 0x00, 0x00, 0x00, 0x00, 0x00, 0x00, 0x17, 0x0c, 0x27, 
	0x27, 0x1d, 0x00, 0x00, 0x00, 0x00, 0x00, 0x00, 0x00, 0x00, 0x00, 
	0x00, 0x00, 0x00, 0x3e, 0x19, 0x22, 0x22, 0x26, 0x26, 0x00, 0x00, 
	0x00, 0x00, 0x00, 0x20, 0x00, 0x00, 0x00, 0x00, 0x00, 0x00, 0x00, 
	0x00, 0x1a, 0x01, 0x22, 0x01, 0x25, 0x00, 0x00, 0x00, 0x00, 0x00, 
	0x00, 0x00, 0x00, 0x00, 0x00, 0x00, 0x00, 0x00, 0x20, 0x27, 0x01, 
	0x01, 0x2a, 0x3e, 0x00, 0x00, 0x00, 0x00, 0x39, 0x1e, 0x27, 0x01, 
	0x27, 0x1f, 0x00, 0x00, 0x00, 0x00, 0x00, 0x00, 0x00, 0x00, 0x00, 
	0x00, 0x00, 0x00, 0x38, 0x1e, 0x27, 0x22, 0x01, 0x1a, 0x00, 0x00, 
	0x00, 0x00, 0x00, 0x3e, 0x1e, 0x22, 0x3b, 0x00, 0x00, 0x00, 0x00, 
	0x00, 0x00, 0x00, 0x00, 0x00, 0x00, 0x00, 0x3e, 0x1e, 0x01, 0x22, 
	0x01, 0x1d, 0x00, 0x00, 0x00, 0x00, 0x00, 0x00, 0x00, 0x00, 0x00, 
	0x24, 0x01, 0x01, 0x27, 0x01, 0x21, 0x00, 0x00, 0x00, 0x00, 0x00, 
	0x00, 0x00, 0x00, 0x00, 0x00, 0x21, 0x01, 0x27, 0x22, 0x3b, 0x00, 
	0x00, 0x00, 0x00, 0x00, 0x00, 0x00, 0x00, 0x00, 0x00, 0x00, 0x00, 
	0x00, 0x1f, 0x01, 0x22, 0x1a, 0x3c, 0x00, 0x00, 0x00, 0x00, 0x00, 
	0x1f, 0x0c, 0x0c, 0x22, 0x20, 0x00, 0x00, 0x00, 0x00, 0x00, 0x00, 
	0x00, 0x00, 0x00, 0x00, 0x00, 0x3b, 0x00, 0x00, 0x00, 0x00, 0x00, 
	0x00, 0x00, 0x00, 0x00, 0x00, 0x00, 0x00, 0x00, 0x1f, 0x0a, 0x03, 
	0x33, 0x00, 0x00, 0x00, 0x00, 0x07, 0x08, 0x08, 0x08, 0x09, 0x3f, 
	0x00, 0x00, 0x00, 0x00, 0x00, 0x00, 0x00, 0x00, 0x00, 0x00, 0x00, 
	0x00, 0x0f, 0x0b, 0x27, 0x22, 0x1d, 0x00, 0x00, 0x00, 0x00, 0x00, 
	0x00, 0x00, 0x00, 0x00, 0x00, 0x00, 0x00, 0x3a, 0x15, 0x22, 0x0c, 
	0x0b, 0x20, 0x00, 0x00, 0x00, 0x00, 0x00, 0x20, 0x00, 0x00, 0x00, 
	0x00, 0x00, 0x00, 0x00, 0x00, 0x1a, 0x01, 0x22, 0x01, 0x25, 0x00, 
	0x00, 0x00, 0x00, 0x00, 0x00, 0x00, 0x00, 0x00, 0x00, 0x00, 0x00, 
	0x00, 0x20, 0x27, 0x01, 0x01, 0x2a, 0x39, 0x00, 0x00, 0x00, 0x00, 
	0x39, 0x1e, 0x22, 0x27, 0x22, 0x1c, 0x00, 0x00, 0x00, 0x00, 0x00, 
	0x00, 0x00, 0x00, 0x00, 0x00, 0x00, 0x00, 0x3d, 0x22, 0x01, 0x27, 
	0x01, 0x20, 0x00, 0x00, 0x00, 0x00, 0x00, 0x00, 0x19, 0x01, 0x24, 
	0x00, 0x00, 0x00, 0x00, 0x00, 0x00, 0x00, 0x00, 0x00, 0x00, 0x00, 
	0x3e, 0x22, 0x01, 0x22, 0x01, 0x1d, 0x00, 0x00, 0x00, 0x00, 0x00, 
	0x00, 0x00, 0x00, 0x00, 0x23, 0x22, 0x27, 0x27, 0x27, 0x21, 0x00, 
	0x00, 0x00, 0x00, 0x00, 0x00, 0x00, 0x00, 0x00, 0x00, 0x21, 0x01, 
	0x27, 0x22, 0x3b, 0x00, 0x00, 0x00, 0x00, 0x00, 0x00, 0x00, 0x00, 
	0x00, 0x00, 0x00, 0x00, 0x00, 0x20, 0x01, 0x01, 0x22, 0x24, 0x00, 
	0x00, 0x00, 0x00, 0x00, 0x1a, 0x27, 0x1e, 0x1e, 0x1f, 0x00, 0x00, 
	0x00, 0x00, 0x00, 0x00, 0x00, 0x00, 0x00, 0x00, 0x00, 0x24, 0x00, 
	0x00, 0x00, 0x00, 0x00, 0x00, 0x00, 0x00, 0x00, 0x00, 0x00, 0x00, 
	0x00, 0x1d, 0x0a, 0x02, 0x33, 0x00, 0x00, 0x00, 0x00, 0x07, 0x08, 
	0x08, 0x08, 0x14, 0x3f, 0x00, 0x00, 0x00, 0x00, 0x00, 0x00, 0x00, 
	0x00, 0x00, 0x00, 0x00, 0x00, 0x3c, 0x0a, 0x1e, 0x22, 0x1d, 0x00, 
	0x00, 0x00, 0x00, 0x00, 0x00, 0x00, 0x00, 0x00, 0x00, 0x00, 0x00, 
	0x00, 0x1d, 0x0b, 0x0b, 0x0b, 0x25, 0x00, 0x00, 0x00, 0x00, 0x00, 
	0x20, 0x00, 0x00, 0x00, 0x00, 0x00, 0x00, 0x00, 0x00, 0x1a, 0x01, 
	0x22, 0x01, 0x25, 0x00, 0x00, 0x00, 0x00, 0x00, 0x00, 0x00, 0x00, 
	0x00, 0x00, 0x00, 0x00, 0x00, 0x26, 0x01, 0x27, 0x27, 0x2a, 0x39, 
	0x00, 0x00, 0x00, 0x00, 0x39, 0x1e, 0x27, 0x2a, 0x2a, 0x1c, 0x00, 
	0x00, 0x00, 0x00, 0x00, 0x00, 0x00, 0x00, 0x00, 0x00, 0x00, 0x00, 
	0x3c, 0x1a, 0x22, 0x27, 0x01, 0x1c, 0x00, 0x00, 0x00, 0x00, 0x00, 
	0x00, 0x20, 0x01, 0x16, 0x00, 0x00, 0x00, 0x00, 0x00, 0x00, 0x00, 
	0x00, 0x00, 0x00, 0x00, 0x39, 0x22, 0x01, 0x27, 0x01, 0x1d, 0x00, 
	0x00, 0x00, 0x00, 0x00, 0x00, 0x00, 0x00, 0x00, 0x24, 0x22, 0x27, 
	0x27, 0x01, 0x1a, 0x00, 0x00, 0x00, 0x00, 0x00, 0x00, 0x00, 0x00, 
	0x00, 0x00, 0x21, 0x01, 0x27, 0x27, 0x3b, 0x00, 0x00, 0x00, 0x00, 
	0x00, 0x00, 0x00, 0x00, 0x00, 0x00, 0x00, 0x00, 0x00, 0x26, 0x27, 
	0x22, 0x27, 0x16, 0x00, 0x00, 0x00, 0x00, 0x00, 0x21, 0x27, 0x22, 
	0x01, 0x25, 0x00, 0x00, 0x00, 0x00, 0x00, 0x00, 0x00, 0x00, 0x00, 
	0x00, 0x00, 0x16, 0x00, 0x00, 0x00, 0x00, 0x00, 0x00, 0x00, 0x00, 
	0x00, 0x00, 0x00, 0x00, 0x00, 0x17, 0x0a, 0x09, 0x31, 0x00, 0x00, 
	0x00, 0x00, 0x06, 0x08, 0x08, 0x08, 0x0f, 0x00, 0x00, 0x00, 0x00, 
	0x00, 0x00, 0x00, 0x00, 0x00, 0x00, 0x00, 0x00, 0x3f, 0x14, 0x11, 
	0x15, 0x22, 0x1c, 0x00, 0x00, 0x00, 0x00, 0x00, 0x00, 0x00, 0x00, 
	0x00, 0x00, 0x00, 0x00, 0x00, 0x0e, 0x10, 0x10, 0x10, 0x16, 0x00, 
	0x00, 0x00, 0x00, 0x00, 0x20, 0x00, 0x00, 0x00, 0x00, 0x00, 0x00, 
	0x00, 0x00, 0x1a, 0x01, 0x22, 0x01, 0x25, 0x00, 0x00, 0x00, 0x00, 
	0x00, 0x00, 0x00, 0x00, 0x00, 0x00, 0x00, 0x00, 0x00, 0x26, 0x27, 
	0x27, 0x22, 0x19, 0x28, 0x00, 0x00, 0x00, 0x00, 0x39, 0x2a, 0x01, 
	0x2a, 0x2a, 0x1c, 0x00, 0x00, 0x00, 0x00, 0x00, 0x00, 0x00, 0x00, 
	0x00, 0x00, 0x00, 0x00, 0x3b, 0x21, 0x22, 0x27, 0x27, 0x16, 0x00, 
	0x00, 0x00, 0x00, 0x00, 0x00, 0x1c, 0x01, 0x1c, 0x00, 0x00, 0x00, 
	0x00, 0x00, 0x00, 0x00, 0x00, 0x00, 0x00, 0x00, 0x28, 0x1e, 0x01, 
	0x27, 0x27, 0x18, 0x00, 0x00, 0x00, 0x00, 0x00, 0x00, 0x00, 0x00, 
	0x00, 0x23, 0x1e, 0x27, 0x01, 0x27, 0x21, 0x28, 0x00, 0x00, 0x00, 
	0x00, 0x00, 0x00, 0x00, 0x00, 0x00, 0x21, 0x01, 0x27, 0x27, 0x3b, 
	0x00, 0x00, 0x00, 0x00, 0x00, 0x00, 0x00, 0x00, 0x00, 0x00, 0x00, 
	0x00, 0x00, 0x21, 0x27, 0x22, 0x22, 0x17, 0x00, 0x00, 0x00, 0x00, 
	0x00, 0x26, 0x27, 0x22, 0x01, 0x25, 0x00, 0x00, 0x00, 0x00, 0x00, 
	0x00, 0x00, 0x00, 0x00, 0x00, 0x3e, 0x18, 0x00, 0x00, 0x00, 0x00, 
	0x00, 0x00, 0x00, 0x00, 0x00, 0x00, 0x00, 0x00, 0x00, 0x38, 0x1c, 
	0x09, 0x31, 0x00, 0x00, 0x00, 0x00, 0x03, 0x08, 0x08, 0x08, 0x37, 
	0x00, 0x00, 0x00, 0x00, 0x00, 0x00, 0x00, 0x00, 0x00, 0x00, 0x00, 
	0x00, 0x3f, 0x09, 0x10, 0x0a, 0x0c, 0x1c, 0x00, 0x00, 0x00, 0x00, 
	0x00, 0x00, 0x00, 0x00, 0x00, 0x00, 0x00, 0x00, 0x00, 0x09, 0x0d, 
	0x0d, 0x0d, 0x10, 0x00, 0x00, 0x00, 0x00, 0x00, 0x20, 0x00, 0x00, 
	0x00, 0x00, 0x00, 0x00, 0x00, 0x00, 0x1a, 0x01, 0x22, 0x01, 0x25, 
	0x00, 0x00, 0x00, 0x00, 0x00, 0x00, 0x00, 0x00, 0x00, 0x00, 0x00, 
	0x00, 0x00, 0x21, 0x01, 0x01, 0x01, 0x2a, 0x00, 0x00, 0x00, 0x00, 
	0x00, 0x3f, 0x19, 0x27, 0x27, 0x27, 0x1f, 0x00, 0x00, 0x00, 0x00, 
	0x00, 0x00, 0x00, 0x00, 0x00, 0x00, 0x00, 0x29, 0x20, 0x1e, 0x27, 
	0x22, 0x22, 0x23, 0x00, 0x00, 0x00, 0x00, 0x00, 0x00, 0x16, 0x27, 
	0x21, 0x00, 0x00, 0x00, 0x00, 0x00, 0x00, 0x00, 0x00, 0x00, 0x00, 
	0x00, 0x29, 0x1e, 0x27, 0x27, 0x22, 0x17, 0x00, 0x00, 0x00, 0x00, 
	0x00, 0x00, 0x00, 0x00, 0x00, 0x3b, 0x2a, 0x27, 0x01, 0x01, 0x19, 
	0x00, 0x00, 0x00, 0x00, 0x00, 0x00, 0x00, 0x00, 0x00, 0x00, 0x21, 
	0x01, 0x27, 0x27, 0x3d, 0x00, 0x00, 0x00, 0x00, 0x00, 0x00, 0x00, 
	0x00, 0x00, 0x00, 0x00, 0x00, 0x00, 0x25, 0x0c, 0x27, 0x27, 0x23, 
	0x00, 0x00, 0x00, 0x00, 0x3f, 0x25, 0x01, 0x27, 0x27, 0x25, 0x00, 
	0x00, 0x00, 0x00, 0x00, 0x00, 0x00, 0x00, 0x00, 0x00, 0x3d, 0x1d, 
	0x00, 0x00, 0x00, 0x00, 0x00, 0x00, 0x00, 0x00, 0x00, 0x00, 0x00, 
	0x00, 0x00, 0x3c, 0x0b, 0x10, 0x32, 0x00, 0x00, 0x00, 0x38, 0x08, 
	0x08, 0x08, 0x08, 0x31, 0x00, 0x00, 0x00, 0x00, 0x00, 0x00, 0x00, 
	0x00, 0x00, 0x00, 0x00, 0x00, 0x32, 0x0d, 0x0d, 0x10, 0x0b, 0x1f, 
	0x00, 0x00, 0x00, 0x00, 0x00, 0x00, 0x00, 0x00, 0x00, 0x00, 0x00, 
	0x00, 0x32, 0x04, 0x08, 0x08, 0x08, 0x09, 0x3f, 0x00, 0x00, 0x00, 
	0x00, 0x20, 0x00, 0x00, 0x00, 0x00, 0x00, 0x00, 0x00, 0x00, 0x1a, 
	0x01, 0x22, 0x01, 0x25, 0x00, 0x00, 0x00, 0x00, 0x00, 0x00, 0x00, 
	0x00, 0x00, 0x00, 0x00, 0x00, 0x00, 0x1a, 0x27, 0x27, 0x27, 0x21, 
	0x00, 0x00, 0x00, 0x00, 0x00, 0x00, 0x26, 0x1e, 0x01, 0x27, 0x25, 
	0x00, 0x00, 0x00, 0x00, 0x00, 0x00, 0x00, 0x00, 0x00, 0x00, 0x00, 
	0x00, 0x21, 0x0c, 0x0c, 0x1e, 0x27, 0x3c, 0x00, 0x00, 0x00, 0x00, 
	0x00, 0x00, 0x17, 0x27, 0x2a, 0x00, 0x00, 0x00, 0x00, 0x00, 0x00, 
	0x00, 0x00, 0x00, 0x00, 0x00, 0x3e, 0x1e, 0x27, 0x27, 0x1e, 0x24, 
	0x00, 0x00, 0x00, 0x00, 0x00, 0x00, 0x00, 0x00, 0x00, 0x24, 0x01, 
	0x19, 0x21, 0x27, 0x2a, 0x00, 0x00, 0x00, 0x00, 0x00, 0x00, 0x00, 
	0x00, 0x00, 0x00, 0x21, 0x01, 0x27, 0x27, 0x3d, 0x00, 0x00, 0x00, 
	0x00, 0x00, 0x00, 0x00, 0x00, 0x00, 0x00, 0x00, 0x00, 0x00, 0x24, 
	0x1f, 0x15, 0x22, 0x23, 0x00, 0x00, 0x00, 0x00, 0x00, 0x18, 0x22, 
	0x27, 0x27, 0x20, 0x00, 0x00, 0x00, 0x00, 0x00, 0x00, 0x00, 0x00, 
	0x00, 0x00, 0x17, 0x1f, 0x00, 0x00, 0x00, 0x00, 0x00, 0x00, 0x00, 
	0x00, 0x00, 0x00, 0x00, 0x00, 0x00, 0x38, 0x0b, 0x10, 0x37, 0x00, 
	0x00, 0x00, 0x37, 0x08, 0x08, 0x08, 0x03, 0x28, 0x00, 0x00, 0x00, 
	0x00, 0x00, 0x00, 0x00, 0x00, 0x00, 0x00, 0x00, 0x00, 0x31, 0x0d, 
	0x12, 0x0d, 0x0a, 0x1f, 0x00, 0x00, 0x00, 0x00, 0x00, 0x00, 0x00, 
	0x00, 0x00, 0x00, 0x00, 0x00, 0x32, 0x04, 0x04, 0x08, 0x08, 0x0f, 
	0x3f, 0x00, 0x00, 0x00, 0x00, 0x20, 0x00, 0x00, 0x00, 0x00, 0x00, 
	0x00, 0x00, 0x00, 0x1a, 0x01, 0x27, 0x01, 0x25, 0x00, 0x00, 0x00, 
	0x00, 0x00, 0x00, 0x00, 0x00, 0x00, 0x00, 0x00, 0x00, 0x00, 0x2a, 
	0x27, 0x01, 0x01, 0x21, 0x00, 0x00, 0x00, 0x00, 0x00, 0x00, 0x19, 
	0x27, 0x27, 0x01, 0x1f, 0x00, 0x00, 0x00, 0x00, 0x00, 0x00, 0x00, 
	0x00, 0x00, 0x00, 0x00, 0x39, 0x3b, 0x1d, 0x1d, 0x19, 0x22, 0x00, 
	0x00, 0x00, 0x00, 0x00, 0x00, 0x00, 0x3d, 0x22, 0x1a, 0x1b, 0x00, 
	0x00, 0x00, 0x00, 0x00, 0x00, 0x00, 0x00, 0x00, 0x00, 0x3a, 0x1e, 
	0x27, 0x19, 0x25, 0x23, 0x00, 0x00, 0x00, 0x00, 0x00, 0x00, 0x00, 
	0x00, 0x00, 0x23, 0x27, 0x2a, 0x21, 0x2a, 0x21, 0x3f, 0x00, 0x00, 
	0x00, 0x00, 0x00, 0x00, 0x00, 0x00, 0x00, 0x21, 0x01, 0x27, 0x27, 
	0x3d, 0x00, 0x00, 0x00, 0x00, 0x00, 0x00, 0x00, 0x00, 0x00, 0x00, 
	0x00, 0x00, 0x00, 0x0f, 0x09, 0x0a, 0x0c, 0x3d, 0x00, 0x00, 0x00, 
	0x00, 0x00, 0x17, 0x2a, 0x01, 0x27, 0x25, 0x00, 0x00, 0x00, 0x00, 
	0x00, 0x00, 0x00, 0x00, 0x00, 0x00, 0x1d, 0x1f, 0x00, 0x00, 0x00, 
	0x00, 0x00, 0x00, 0x00, 0x00, 0x00, 0x00, 0x00, 0x00, 0x00, 0x00, 
	0x0e, 0x09, 0x36, 0x00, 0x00, 0x33, 0x34, 0x08, 0x08, 0x12, 0x07, 
	0x00, 0x00, 0x00, 0x00, 0x00, 0x00, 0x00, 0x00, 0x00, 0x00, 0x00, 
	0x00, 0x00, 0x32, 0x0d, 0x0d, 0x0d, 0x0a, 0x1f, 0x00, 0x00, 0x00, 
	0x00, 0x00, 0x00, 0x00, 0x00, 0x00, 0x00, 0x00, 0x00, 0x32, 0x08, 
	0x08, 0x08, 0x08, 0x0f, 0x00, 0x00, 0x00, 0x00, 0x00, 0x20, 0x00, 
	0x00, 0x00, 0x00, 0x00, 0x00, 0x00, 0x00, 0x21, 0x01, 0x27, 0x01, 
	0x1f, 0x00, 0x00, 0x00, 0x00, 0x00, 0x00, 0x00, 0x00, 0x00, 0x00, 
	0x00, 0x00, 0x3f, 0x2a, 0x27, 0x01, 0x27, 0x26, 0x00, 0x00, 0x00, 
	0x00, 0x00, 0x39, 0x1a, 0x27, 0x27, 0x01, 0x1f, 0x00, 0x00, 0x00, 
	0x00, 0x00, 0x00, 0x00, 0x00, 0x00, 0x00, 0x00, 0x39, 0x1d, 0x1c, 
	0x21, 0x22, 0x20, 0x00, 0x00, 0x00, 0x00, 0x00, 0x00, 0x00, 0x3f, 
	0x18, 0x1c, 0x39, 0x00, 0x00, 0x00, 0x00, 0x00, 0x00, 0x00, 0x00, 
	0x00, 0x00, 0x3c, 0x1a, 0x21, 0x25, 0x25, 0x17, 0x00, 0x00, 0x00, 
	0x00, 0x00, 0x00, 0x00, 0x00, 0x00, 0x3d, 0x1e, 0x22, 0x2a, 0x19, 
	0x1d, 0x00, 0x00, 0x00, 0x00, 0x00, 0x00, 0x00, 0x00, 0x00, 0x00, 
	0x21, 0x01, 0x27, 0x27, 0x3d, 0x00, 0x00, 0x00, 0x00, 0x00, 0x00, 
	0x00, 0x00, 0x00, 0x00, 0x00, 0x00, 0x00, 0x18, 0x0a, 0x1a, 0x1e, 
	0x23, 0x00, 0x00, 0x00, 0x00, 0x00, 0x1f, 0x01, 0x27, 0x27, 0x20, 
	0x00, 0x00, 0x00, 0x00, 0x00, 0x00, 0x00, 0x00, 0x00, 0x00, 0x3b, 
	0x23, 0x00, 0x00, 0x00, 0x00, 0x00, 0x00, 0x00, 0x00, 0x00, 0x00, 
	0x00, 0x00, 0x00, 0x00, 0x36, 0x10, 0x0f, 0x00, 0x00, 0x33, 0x09, 
	0x08, 0x08, 0x12, 0x07, 0x00, 0x00, 0x00, 0x00, 0x00, 0x00, 0x00, 
	0x00, 0x00, 0x00, 0x00, 0x00, 0x00, 0x37, 0x04, 0x12, 0x0a, 0x15, 
	0x0a, 0x00, 0x00, 0x00, 0x00, 0x00, 0x00, 0x00, 0x00, 0x00, 0x00, 
	0x00, 0x00, 0x37, 0x08, 0x08, 0x08, 0x08, 0x36, 0x00, 0x00, 0x00, 
	0x00, 0x00, 0x20, 0x00, 0x00, 0x00, 0x00, 0x00, 0x00, 0x00, 0x00, 
	0x21, 0x01, 0x27, 0x01, 0x25, 0x00, 0x00, 0x00, 0x00, 0x00, 0x00, 
	0x00, 0x00, 0x00, 0x00, 0x00, 0x00, 0x3a, 0x1e, 0x01, 0x01, 0x27, 
	0x25, 0x00, 0x00, 0x00, 0x00, 0x00, 0x00, 0x18, 0x21, 0x27, 0x01, 
	0x1f, 0x00, 0x00, 0x00, 0x00, 0x00, 0x00, 0x00, 0x00, 0x00, 0x00, 
	0x00, 0x23, 0x21, 0x1a, 0x22, 0x27, 0x1c, 0x00, 0x00, 0x00, 0x00, 
	0x00, 0x00, 0x00, 0x00, 0x14, 0x09, 0x0f, 0x00, 0x00, 0x00, 0x00, 
	0x00, 0x00, 0x00, 0x00, 0x00, 0x00, 0x00, 0x23, 0x25, 0x19, 0x22, 
	0x1f, 0x00, 0x00, 0x00, 0x00, 0x00, 0x00, 0x00, 0x00, 0x00, 0x00, 
	0x3a, 0x3c, 0x3c, 0x3a, 0x3e, 0x00, 0x00, 0x00, 0x00, 0x00, 0x00, 
	0x00, 0x00, 0x00, 0x00, 0x26, 0x01, 0x01, 0x27, 0x3b, 0x00, 0x00, 
	0x00, 0x00, 0x00, 0x00, 0x00, 0x00, 0x00, 0x00, 0x00, 0x00, 0x3b, 
	0x19, 0x0c, 0x22, 0x1e, 0x38, 0x00, 0x00, 0x00, 0x00, 0x00, 0x21, 
	0x27, 0x1e, 0x27, 0x20, 0x00, 0x00, 0x00, 0x00, 0x00, 0x00, 0x00, 
	0x00, 0x00, 0x00, 0x3a, 0x3a, 0x00, 0x00, 0x00, 0x00, 0x00, 0x00, 
	0x00, 0x00, 0x00, 0x00, 0x00, 0x00, 0x00, 0x00, 0x38, 0x10, 0x14, 
	0x00, 0x00, 0x32, 0x04, 0x08, 0x08, 0x12, 0x35, 0x00, 0x00, 0x00, 
	0x00, 0x00, 0x00, 0x00, 0x00, 0x00, 0x00, 0x00, 0x00, 0x00, 0x31, 
	0x09, 0x11, 0x0b, 0x0c, 0x18, 0x00, 0x00, 0x00, 0x00, 0x00, 0x00, 
	0x00, 0x00, 0x00, 0x00, 0x00, 0x00, 0x37, 0x08, 0x08, 0x08, 0x08, 
	0x37, 0x00, 0x00, 0x00, 0x00, 0x00, 0x20, 0x00, 0x00, 0x00, 0x00, 
	0x00, 0x00, 0x00, 0x00, 0x21, 0x27, 0x22, 0x01, 0x20, 0x00, 0x00, 
	0x00, 0x00, 0x00, 0x00, 0x00, 0x00, 0x00, 0x00, 0x00, 0x00, 0x3b, 
	0x22, 0x01, 0x01, 0x27, 0x1c, 0x00, 0x00, 0x00, 0x00, 0x00, 0x00, 
	0x3c, 0x1c, 0x22, 0x01, 0x1f, 0x00, 0x00, 0x00, 0x00, 0x00, 0x00, 
	0x00, 0x00, 0x00, 0x00, 0x00, 0x1c, 0x27, 0x27, 0x22, 0x22, 0x18, 
	0x00, 0x00, 0x00, 0x00, 0x00, 0x00, 0x00, 0x00, 0x0f, 0x10, 0x09, 
	0x00, 0x00, 0x00, 0x00, 0x00, 0x00, 0x00, 0x00, 0x00, 0x00, 0x00, 
	0x24, 0x1a, 0x27, 0x27, 0x1d, 0x00, 0x00, 0x00, 0x00, 0x00, 0x00, 
	0x00, 0x00, 0x00, 0x00, 0x00, 0x00, 0x00, 0x00, 0x00, 0x00, 0x00, 
	0x00, 0x00, 0x00, 0x00, 0x00, 0x00, 0x00, 0x00, 0x1f, 0x1e, 0x22, 
	0x27, 0x3d, 0x00, 0x00, 0x00, 0x00, 0x00, 0x00, 0x00, 0x00, 0x00, 
	0x00, 0x00, 0x00, 0x3b, 0x0b, 0x20, 0x0c, 0x0c, 0x3e, 0x00, 0x00, 
	0x00, 0x00, 0x00, 0x18, 0x0c, 0x27, 0x22, 0x20, 0x00, 0x00, 0x00, 
	0x00, 0x00, 0x00, 0x00, 0x00, 0x00, 0x3d, 0x17, 0x3c, 0x00, 0x00, 
	0x00, 0x00, 0x00, 0x00, 0x00, 0x00, 0x00, 0x00, 0x00, 0x00, 0x00, 
	0x00, 0x39, 0x14, 0x14, 0x00, 0x00, 0x37, 0x0d, 0x08, 0x08, 0x12, 
	0x36, 0x00, 0x00, 0x00, 0x00, 0x00, 0x00, 0x00, 0x00, 0x00, 0x00, 
	0x00, 0x00, 0x00, 0x31, 0x34, 0x10, 0x10, 0x10, 0x14, 0x00, 0x00, 
	0x00, 0x00, 0x00, 0x00, 0x00, 0x00, 0x00, 0x00, 0x00, 0x00, 0x36, 
	0x08, 0x08, 0x08, 0x08, 0x37, 0x00, 0x00, 0x00, 0x00, 0x00, 0x20, 
	0x00, 0x00, 0x00, 0x00, 0x00, 0x00, 0x00, 0x00, 0x21, 0x27, 0x22, 
	0x01, 0x25, 0x00, 0x00, 0x00, 0x00, 0x00, 0x00, 0x00, 0x00, 0x00, 
	0x00, 0x00, 0x00, 0x23, 0x22, 0x01, 0x01, 0x01, 0x1d, 0x00, 0x00, 
	0x00, 0x00, 0x00, 0x00, 0x17, 0x21, 0x27, 0x27, 0x1f, 0x00, 0x00, 
	0x00, 0x00, 0x00, 0x00, 0x00, 0x00, 0x00, 0x00, 0x00, 0x25, 0x27, 
	0x22, 0x22, 0x27, 0x24, 0x00, 0x00, 0x00, 0x00, 0x00, 0x00, 0x00, 
	0x00, 0x35, 0x10, 0x09, 0x32, 0x00, 0x00, 0x00, 0x00, 0x00, 0x00, 
	0x00, 0x00, 0x00, 0x00, 0x1f, 0x01, 0x22, 0x22, 0x1c, 0x00, 0x00, 
	0x00, 0x00, 0x00, 0x00, 0x00, 0x00, 0x00, 0x00, 0x00, 0x00, 0x00, 
	0x00, 0x00, 0x00, 0x00, 0x00, 0x00, 0x00, 0x00, 0x00, 0x00, 0x00, 
	0x00, 0x1f, 0x1e, 0x22, 0x27, 0x3d, 0x00, 0x00, 0x00, 0x00, 0x00, 
	0x00, 0x00, 0x00, 0x00, 0x00, 0x00, 0x00, 0x17, 0x19, 0x1a, 0x01, 
	0x2a, 0x00, 0x00, 0x00, 0x00, 0x00, 0x00, 0x3d, 0x20, 0x0c, 0x22, 
	0x20, 0x00, 0x00, 0x00, 0x00, 0x00, 0x00, 0x00, 0x00, 0x3b, 0x19, 
	0x22, 0x1d, 0x00, 0x00, 0x00, 0x00, 0x00, 0x00, 0x00, 0x00, 0x00, 
	0x00, 0x00, 0x00, 0x00, 0x00, 0x00, 0x0e, 0x13, 0x39, 0x00, 0x36, 
	0x08, 0x08, 0x08, 0x08, 0x37, 0x00, 0x00, 0x00, 0x00, 0x00, 0x00, 
	0x00, 0x00, 0x00, 0x00, 0x00, 0x00, 0x00, 0x00, 0x0e, 0x0a, 0x1f, 
	0x1c, 0x1b, 0x00, 0x00, 0x00, 0x00, 0x00, 0x00, 0x00, 0x00, 0x00, 
	0x00, 0x00, 0x00, 0x0f, 0x08, 0x08, 0x08, 0x08, 0x31, 0x00, 0x00, 
	0x00, 0x00, 0x00, 0x20, 0x00, 0x00, 0x00, 0x00, 0x00, 0x00, 0x00, 
	0x00, 0x1a, 0x01, 0x27, 0x01, 0x25, 0x00, 0x00, 0x00, 0x00, 0x00, 
	0x00, 0x00, 0x00, 0x00, 0x00, 0x00, 0x00, 0x17, 0x27, 0x27, 0x01, 
	0x01, 0x16, 0x00, 0x00, 0x00, 0x00, 0x00, 0x39, 0x25, 0x27, 0x27, 
	0x01, 0x1f, 0x00, 0x00, 0x00, 0x00, 0x00, 0x00, 0x00, 0x00, 0x00, 
	0x00, 0x00, 0x1a, 0x27, 0x0c, 0x26, 0x20, 0x3b, 0x00, 0x00, 0x00, 
	0x00, 0x00, 0x00, 0x00, 0x00, 0x05, 0x10, 0x09, 0x32, 0x00, 0x00, 
	0x00, 0x00, 0x00, 0x00, 0x00, 0x00, 0x00, 0x3e, 0x1a, 0x01, 0x22, 
	0x01, 0x1f, 0x00, 0x00, 0x00, 0x00, 0x00, 0x00, 0x00, 0x00, 0x00, 
	0x00, 0x00, 0x00, 0x00, 0x00, 0x00, 0x00, 0x00, 0x00, 0x00, 0x00, 
	0x00, 0x00, 0x00, 0x00, 0x00, 0x26, 0x01, 0x01, 0x27, 0x3d, 0x00, 
	0x00, 0x00, 0x00, 0x00, 0x00, 0x00, 0x00, 0x00, 0x00, 0x00, 0x00, 
	0x16, 0x27, 0x22, 0x01, 0x25, 0x00, 0x00, 0x00, 0x00, 0x00, 0x00, 
	0x1f, 0x20, 0x0a, 0x15, 0x1c, 0x00, 0x00, 0x00, 0x00, 0x00, 0x00, 
	0x00, 0x3f, 0x1d, 0x27, 0x27, 0x1f, 0x00, 0x00, 0x00, 0x00, 0x00, 
	0x00, 0x00, 0x00, 0x00, 0x00, 0x00, 0x00, 0x00, 0x00, 0x3f, 0x1f, 
	0x0b, 0x3c, 0x00, 0x35, 0x12, 0x08, 0x08, 0x04, 0x32, 0x00, 0x00, 
	0x00, 0x00, 0x00, 0x00, 0x00, 0x00, 0x00, 0x00, 0x00, 0x00, 0x00, 
	0x00, 0x1c, 0x0c, 0x1e, 0x22, 0x18, 0x00, 0x00, 0x00, 0x00, 0x00, 
	0x00, 0x00, 0x00, 0x00, 0x00, 0x00, 0x00, 0x35, 0x08, 0x08, 0x08, 
	0x08, 0x33, 0x00, 0x00, 0x00, 0x00, 0x00, 0x20, 0x00, 0x00, 0x00, 
	0x00, 0x00, 0x00, 0x00, 0x00, 0x21, 0x27, 0x22, 0x01, 0x25, 0x00, 
	0x00, 0x00, 0x00, 0x00, 0x00, 0x00, 0x00, 0x00, 0x00, 0x00, 0x00, 
	0x18, 0x01, 0x27, 0x01, 0x27, 0x23, 0x00, 0x00, 0x00, 0x00, 0x00, 
	0x00, 0x25, 0x22, 0x27, 0x01, 0x1f, 0x00, 0x00, 0x00, 0x00, 0x00, 
	0x00, 0x00, 0x00, 0x00, 0x00, 0x3a, 0x22, 0x27, 0x1a, 0x1f, 0x17, 
	0x00, 0x00, 0x00, 0x00, 0x00, 0x00, 0x00, 0x00, 0x00, 0x02, 0x10, 
	0x0d, 0x37, 0x00, 0x00, 0x00, 0x00, 0x00, 0x00, 0x00, 0x00, 0x00, 
	0x39, 0x1e, 0x01, 0x01, 0x22, 0x1c, 0x00, 0x00, 0x00, 0x00, 0x00, 
	0x00, 0x00, 0x00, 0x00, 0x00, 0x00, 0x00, 0x00, 0x00, 0x00, 0x00, 
	0x00, 0x00, 0x00, 0x00, 0x00, 0x00, 0x00, 0x00, 0x00, 0x26, 0x01, 
	0x01, 0x27, 0x3d, 0x00, 0x00, 0x00, 0x00, 0x00, 0x00, 0x00, 0x00, 
	0x00, 0x00, 0x00, 0x00, 0x1d, 0x01, 0x01, 0x27, 0x1f, 0x00, 0x00, 
	0x00, 0x00, 0x00, 0x00, 0x19, 0x0c, 0x0a, 0x11, 0x0d, 0x06, 0x06, 
	0x03, 0x03, 0x06, 0x06, 0x06, 0x06, 0x0a, 0x15, 0x22, 0x26, 0x00, 
	0x00, 0x00, 0x00, 0x00, 0x00, 0x00, 0x00, 0x00, 0x00, 0x00, 0x00, 
	0x00, 0x00, 0x39, 0x0b, 0x0b, 0x3c, 0x00, 0x34, 0x08, 0x08, 0x08, 
	0x04, 0x32, 0x00, 0x00, 0x00, 0x00, 0x00, 0x00, 0x00, 0x00, 0x00, 
	0x00, 0x00, 0x00, 0x00, 0x00, 0x26, 0x27, 0x22, 0x27, 0x1c, 0x00, 
	0x00, 0x00, 0x00, 0x00, 0x00, 0x00, 0x00, 0x00, 0x00, 0x00, 0x00, 
	0x14, 0x08, 0x08, 0x08, 0x08, 0x3f, 0x00, 0x00, 0x00, 0x00, 0x00, 
	0x20, 0x00, 0x00, 0x00, 0x00, 0x00, 0x00, 0x00, 0x00, 0x20, 0x19, 
	0x19, 0x22, 0x25, 0x00, 0x00, 0x00, 0x00, 0x00, 0x00, 0x00, 0x00, 
	0x00, 0x00, 0x00, 0x00, 0x1d, 0x01, 0x27, 0x01, 0x22, 0x3b, 0x00, 
	0x00, 0x00, 0x00, 0x00, 0x00, 0x26, 0x22, 0x27, 0x01, 0x1f, 0x00, 
	0x00, 0x00, 0x00, 0x00, 0x00, 0x00, 0x00, 0x00, 0x00, 0x3b, 0x27, 
	0x19, 0x21, 0x22, 0x20, 0x00, 0x00, 0x00, 0x00, 0x00, 0x00, 0x00, 
	0x00, 0x00, 0x30, 0x0d, 0x10, 0x37, 0x00, 0x00, 0x00, 0x00, 0x00, 
	0x00, 0x00, 0x00, 0x00, 0x00, 0x1e, 0x27, 0x01, 0x01, 0x1f, 0x00, 
	0x00, 0x00, 0x00, 0x00, 0x00, 0x00, 0x00, 0x00, 0x00, 0x00, 0x00, 
	0x00, 0x00, 0x00, 0x00, 0x00, 0x00, 0x00, 0x00, 0x00, 0x00, 0x00, 
	0x00, 0x00, 0x26, 0x01, 0x01, 0x27, 0x3d, 0x00, 0x00, 0x00, 0x00, 
	0x00, 0x00, 0x00, 0x00, 0x00, 0x00, 0x00, 0x00, 0x1f, 0x01, 0x27, 
	0x27, 0x1c, 0x00, 0x00, 0x00, 0x00, 0x00, 0x00, 0x25, 0x0c, 0x0b, 
	0x0d, 0x12, 0x12, 0x12, 0x12, 0x12, 0x0d, 0x12, 0x12, 0x12, 0x05, 
	0x0a, 0x1e, 0x20, 0x00, 0x00, 0x00, 0x00, 0x00, 0x00, 0x00, 0x00, 
	0x00, 0x00, 0x00, 0x00, 0x00, 0x00, 0x00, 0x13, 0x11, 0x39, 0x00, 
	0x07, 0x08, 0x08, 0x08, 0x04, 0x32, 0x00, 0x00, 0x00, 0x00, 0x00, 
	0x00, 0x00, 0x00, 0x00, 0x00, 0x00, 0x00, 0x00, 0x00, 0x1a, 0x22, 
	0x22, 0x27, 0x1c, 0x00, 0x00, 0x00, 0x00, 0x00, 0x00, 0x00, 0x00, 
	0x00, 0x00, 0x00, 0x00, 0x14, 0x08, 0x08, 0x08, 0x08, 0x3f, 0x00, 
	0x00, 0x00, 0x00, 0x00, 0x20, 0x00, 0x00, 0x00, 0x00, 0x00, 0x00, 
	0x00, 0x39, 0x17, 0x10, 0x1c, 0x0c, 0x20, 0x00, 0x00, 0x00, 0x00, 
	0x00, 0x00, 0x00, 0x00, 0x00, 0x00, 0x00, 0x00, 0x26, 0x01, 0x22, 
	0x01, 0x1e, 0x3c, 0x00, 0x00, 0x00, 0x00, 0x00, 0x00, 0x21, 0x27, 
	0x27, 0x01, 0x25, 0x00, 0x00, 0x00, 0x00, 0x00, 0x00, 0x00, 0x00, 
	0x00, 0x00, 0x16, 0x01, 0x22, 0x2a, 0x27, 0x1f, 0x00, 0x00, 0x00, 
	0x00, 0x00, 0x00, 0x00, 0x00, 0x00, 0x32, 0x10, 0x12, 0x34, 0x00, 
	0x00, 0x00, 0x00, 0x00, 0x00, 0x00, 0x00, 0x00, 0x3e, 0x19, 0x01, 
	0x01, 0x27, 0x1c, 0x00, 0x00, 0x00, 0x00, 0x00, 0x00, 0x00, 0x00, 
	0x00, 0x00, 0x00, 0x00, 0x00, 0x00, 0x00, 0x00, 0x00, 0x00, 0x00, 
	0x00, 0x00, 0x00, 0x00, 0x00, 0x00, 0x26, 0x01, 0x27, 0x27, 0x3d, 
	0x00, 0x00, 0x00, 0x00, 0x00, 0x00, 0x00, 0x00, 0x00, 0x00, 0x00, 
	0x00, 0x26, 0x27, 0x01, 0x27, 0x17, 0x00, 0x00, 0x00, 0x00, 0x00, 
	0x00, 0x02, 0x11, 0x12, 0x08, 0x12, 0x09, 0x09, 0x09, 0x09, 0x09, 
	0x0d, 0x0d, 0x09, 0x0f, 0x1b, 0x25, 0x20, 0x00, 0x00, 0x00, 0x00, 
	0x00, 0x00, 0x00, 0x00, 0x00, 0x00, 0x00, 0x00, 0x00, 0x00, 0x00, 
	0x37, 0x10, 0x07, 0x2f, 0x06, 0x08, 0x08, 0x08, 0x05, 0x33, 0x00, 
	0x00, 0x00, 0x00, 0x00, 0x00, 0x00, 0x00, 0x00, 0x00, 0x00, 0x00, 
	0x00, 0x00, 0x26, 0x27, 0x1e, 0x27, 0x1c, 0x00, 0x00, 0x00, 0x00, 
	0x00, 0x00, 0x00, 0x00, 0x00, 0x00, 0x00, 0x32, 0x07, 0x08, 0x08, 
	0x12, 0x09, 0x33, 0x00, 0x00, 0x00, 0x00, 0x00, 0x20, 0x00, 0x00, 
	0x00, 0x00, 0x00, 0x00, 0x00, 0x33, 0x13, 0x1c, 0x0a, 0x1e, 0x20, 
	0x00, 0x00, 0x00, 0x00, 0x00, 0x00, 0x00, 0x00, 0x00, 0x00, 0x00, 
	0x00, 0x1a, 0x01, 0x27, 0x27, 0x21, 0x00, 0x00, 0x00, 0x00, 0x00, 
	0x00, 0x00, 0x21, 0x27, 0x27, 0x01, 0x25, 0x00, 0x00, 0x00, 0x00, 
	0x00, 0x00, 0x00, 0x00, 0x00, 0x00, 0x1d, 0x01, 0x22, 0x22, 0x27, 
	0x18, 0x00, 0x00, 0x00, 0x00, 0x00, 0x00, 0x00, 0x00, 0x00, 0x31, 
	0x09, 0x10, 0x07, 0x00, 0x00, 0x00, 0x00, 0x00, 0x00, 0x00, 0x00, 
	0x00, 0x3f, 0x19, 0x01, 0x22, 0x01, 0x1f, 0x00, 0x00, 0x00, 0x00, 
	0x00, 0x00, 0x00, 0x00, 0x00, 0x00, 0x00, 0x00, 0x00, 0x00, 0x00, 
	0x00, 0x00, 0x00, 0x00, 0x00, 0x00, 0x00, 0x00, 0x00, 0x00, 0x26, 
	0x01, 0x27, 0x27, 0x3d, 0x00, 0x00, 0x00, 0x00, 0x00, 0x00, 0x00, 
	0x00, 0x00, 0x00, 0x00, 0x00, 0x19, 0x27, 0x01, 0x22, 0x23, 0x00, 
	0x00, 0x00, 0x00, 0x00, 0x00, 0x06, 0x12, 0x08, 0x08, 0x04, 0x30, 
	0x31, 0x31, 0x33, 0x32, 0x03, 0x30, 0x31, 0x00, 0x00, 0x3c, 0x3b, 
	0x00, 0x00, 0x00, 0x00, 0x00, 0x00, 0x00, 0x00, 0x00, 0x00, 0x00, 
	0x00, 0x00, 0x00, 0x00, 0x37, 0x10, 0x04, 0x2c, 0x04, 0x08, 0x08, 
	0x08, 0x35, 0x33, 0x00, 0x00, 0x00, 0x00, 0x00, 0x00, 0x00, 0x00, 
	0x00, 0x00, 0x00, 0x00, 0x00, 0x00, 0x1d, 0x22, 0x22, 0x22, 0x1c, 
	0x00, 0x00, 0x00, 0x00, 0x00, 0x00, 0x00, 0x00, 0x00, 0x00, 0x00, 
	0x32, 0x04, 0x08, 0x08, 0x12, 0x14, 0x33, 0x00, 0x00, 0x00, 0x00, 
	0x00, 0x20, 0x00, 0x00, 0x00, 0x00, 0x00, 0x00, 0x00, 0x00, 0x25, 
	0x0c, 0x0c, 0x27, 0x25, 0x00, 0x00, 0x00, 0x00, 0x00, 0x00, 0x00, 
	0x00, 0x00, 0x00, 0x00, 0x3a, 0x2a, 0x01, 0x27, 0x27, 0x1f, 0x00, 
	0x00, 0x00, 0x00, 0x00, 0x00, 0x00, 0x1a, 0x01, 0x27, 0x01, 0x25, 
	0x00, 0x00, 0x00, 0x00, 0x00, 0x00, 0x00, 0x00, 0x00, 0x00, 0x25, 
	0x01, 0x27, 0x01, 0x22, 0x24, 0x00, 0x00, 0x00, 0x00, 0x00, 0x00, 
	0x00, 0x00, 0x00, 0x32, 0x09, 0x10, 0x07, 0x00, 0x00, 0x00, 0x00, 
	0x00, 0x00, 0x00, 0x00, 0x00, 0x00, 0x2a, 0x01, 0x1e, 0x01, 0x1f, 
	0x00, 0x00, 0x00, 0x00, 0x00, 0x00, 0x00, 0x00, 0x00, 0x00, 0x00, 
	0x00, 0x00, 0x00, 0x00, 0x00, 0x00, 0x00, 0x00, 0x00, 0x00, 0x00, 
	0x00, 0x00, 0x00, 0x20, 0x01, 0x27, 0x27, 0x23, 0x00, 0x00, 0x00, 
	0x00, 0x00, 0x00, 0x00, 0x00, 0x00, 0x00, 0x00, 0x1b, 0x1e, 0x27, 
	0x27, 0x1e, 0x3a, 0x00, 0x00, 0x00, 0x00, 0x00, 0x00, 0x07, 0x08, 
	0x08, 0x08, 0x04, 0x32, 0x00, 0x00, 0x00, 0x00, 0x07, 0x31, 0x00, 
	0x00, 0x00, 0x00, 0x00, 0x00, 0x00, 0x00, 0x00, 0x00, 0x00, 0x00, 
	0x00, 0x00, 0x00, 0x00, 0x00, 0x00, 0x00, 0x00, 0x38, 0x0d, 0x04, 
	0x05, 0x08, 0x08, 0x08, 0x08, 0x36, 0x00, 0x00, 0x00, 0x00, 0x00, 
	0x00, 0x00, 0x00, 0x00, 0x00, 0x00, 0x00, 0x00, 0x00, 0x00, 0x17, 
	0x0c, 0x22, 0x22, 0x1c, 0x00, 0x00, 0x00, 0x00, 0x00, 0x00, 0x00, 
	0x00, 0x00, 0x00, 0x00, 0x36, 0x08, 0x08, 0x08, 0x12, 0x35, 0x00, 
	0x00, 0x00, 0x00, 0x00, 0x00, 0x20, 0x00, 0x00, 0x00, 0x00, 0x00, 
	0x00, 0x00, 0x00, 0x26, 0x27, 0x22, 0x27, 0x25, 0x00, 0x00, 0x00, 
	0x00, 0x00, 0x00, 0x00, 0x00, 0x00, 0x00, 0x00, 0x24, 0x22, 0x27, 
	0x27, 0x01, 0x1d, 0x00, 0x00, 0x00, 0x00, 0x00, 0x00, 0x00, 0x1a, 
	0x01, 0x27, 0x01, 0x25, 0x00, 0x00, 0x00, 0x00, 0x00, 0x00, 0x00, 
	0x00, 0x00, 0x00, 0x19, 0x01, 0x01, 0x01, 0x1e, 0x3b, 0x00, 0x00, 
	0x00, 0x00, 0x00, 0x00, 0x00, 0x00, 0x00, 0x31, 0x05, 0x10, 0x0e, 
	0x00, 0x00, 0x00, 0x00, 0x00, 0x00, 0x00, 0x00, 0x00, 0x00, 0x2a, 
	0x01, 0x22, 0x22, 0x18, 0x00, 0x00, 0x00, 0x00, 0x00, 0x00, 0x00, 
	0x00, 0x00, 0x00, 0x00, 0x00, 0x00, 0x00, 0x00, 0x00, 0x00, 0x00, 
	0x00, 0x00, 0x00, 0x00, 0x00, 0x00, 0x00, 0x20, 0x01, 0x27, 0x27, 
	0x23, 0x00, 0x00, 0x00, 0x00, 0x00, 0x00, 0x00, 0x00, 0x00, 0x00, 
	0x00, 0x17, 0x22, 0x22, 0x22, 0x19, 0x00, 0x00, 0x00, 0x00, 0x00, 
	0x00, 0x00, 0x06, 0x08, 0x08, 0x08, 0x0d, 0x32, 0x00, 0x00, 0x00, 
	0x00, 0x31, 0x31, 0x00, 0x00, 0x00, 0x00, 0x00, 0x00, 0x3c, 0x00, 
	0x00, 0x00, 0x00, 0x00, 0x00, 0x00, 0x00, 0x00, 0x00, 0x00, 0x00, 
	0x00, 0x31, 0x0d, 0x0d, 0x04, 0x08, 0x08, 0x08, 0x08, 0x37, 0x00, 
	0x00, 0x00, 0x00, 0x00, 0x00, 0x00, 0x00, 0x00, 0x00, 0x00, 0x00, 
	0x00, 0x00, 0x00, 0x1f, 0x1e, 0x0b, 0x0a, 0x17, 0x00, 0x00, 0x00, 
	0x00, 0x00, 0x00, 0x00, 0x00, 0x00, 0x00, 0x00, 0x35, 0x08, 0x08, 
	0x08, 0x12, 0x36, 0x00, 0x00, 0x00, 0x00, 0x00, 0x00, 0x20, 0x00, 
	0x00, 0x00, 0x00, 0x00, 0x00, 0x00, 0x00, 0x20, 0x27, 0x22, 0x01, 
	0x26, 0x00, 0x00, 0x00, 0x00, 0x00, 0x00, 0x00, 0x00, 0x00, 0x00, 
	0x00, 0x1d, 0x01, 0x22, 0x27, 0x01, 0x16, 0x00, 0x00, 0x00, 0x00, 
	0x00, 0x00, 0x00, 0x1a, 0x01, 0x27, 0x01, 0x25, 0x00, 0x00, 0x00, 
	0x00, 0x00, 0x00, 0x00, 0x00, 0x00, 0x3a, 0x1e, 0x27, 0x01, 0x27, 
	0x2a, 0x3a, 0x00, 0x00, 0x00, 0x00, 0x00, 0x00, 0x00, 0x00, 0x00, 
	0x33, 0x02, 0x10, 0x13, 0x3f, 0x00, 0x00, 0x00, 0x00, 0x00, 0x00, 
	0x00, 0x00, 0x39, 0x2a, 0x01, 0x01, 0x19, 0x3b, 0x00, 0x00, 0x00, 
	0x00, 0x00, 0x00, 0x00, 0x00, 0x00, 0x00, 0x00, 0x00, 0x00, 0x00, 
	0x00, 0x00, 0x00, 0x00, 0x00, 0x00, 0x00, 0x00, 0x00, 0x00, 0x00, 
	0x20, 0x01, 0x27, 0x01, 0x23, 0x00, 0x00, 0x00, 0x00, 0x00, 0x00, 
	0x00, 0x00, 0x00, 0x00, 0x00, 0x1d, 0x01, 0x27, 0x22, 0x20, 0x00, 
	0x00, 0x00, 0x00, 0x00, 0x00, 0x00, 0x06, 0x12, 0x08, 0x08, 0x09, 
	0x33, 0x00, 0x00, 0x00, 0x00, 0x00, 0x00, 0x00, 0x00, 0x00, 0x00, 
	0x00, 0x00, 0x3b, 0x28, 0x00, 0x00, 0x00, 0x00, 0x00, 0x00, 0x00, 
	0x00, 0x00, 0x00, 0x00, 0x00, 0x28, 0x05, 0x12, 0x08, 0x08, 0x08, 
	0x12, 0x04, 0x32, 0x00, 0x00, 0x00, 0x00, 0x00, 0x00, 0x00, 0x00, 
	0x00, 0x00, 0x00, 0x00, 0x00, 0x00, 0x33, 0x0a, 0x15, 0x10, 0x05, 
	0x14, 0x00, 0x00, 0x00, 0x00, 0x00, 0x00, 0x00, 0x00, 0x00, 0x00, 
	0x31, 0x07, 0x08, 0x08, 0x08, 0x0d, 0x32, 0x00, 0x00, 0x00, 0x00, 
	0x00, 0x00, 0x20, 0x00, 0x00, 0x00, 0x00, 0x00, 0x00, 0x00, 0x00, 
	0x20, 0x27, 0x27, 0x01, 0x25, 0x00, 0x00, 0x00, 0x00, 0x00, 0x00, 
	0x00, 0x00, 0x00, 0x00, 0x00, 0x26, 0x01, 0x22, 0x01, 0x22, 0x3d, 
	0x00, 0x00, 0x00, 0x00, 0x00, 0x00, 0x00, 0x1a, 0x27, 0x27, 0x01, 
	0x25, 0x00, 0x00, 0x00, 0x00, 0x00, 0x00, 0x00, 0x00, 0x00, 0x23, 
	0x27, 0x27, 0x27, 0x01, 0x26, 0x00, 0x00, 0x00, 0x00, 0x00, 0x00, 
	0x00, 0x00, 0x00, 0x00, 0x00, 0x32, 0x11, 0x0a, 0x1b, 0x00, 0x00, 
	0x00, 0x00, 0x00, 0x00, 0x00, 0x00, 0x3e, 0x2a, 0x27, 0x01, 0x1a, 
	0x3a, 0x00, 0x00, 0x00, 0x00, 0x00, 0x00, 0x00, 0x00, 0x00, 0x00, 
	0x00, 0x00, 0x00, 0x00, 0x00, 0x00, 0x00, 0x00, 0x00, 0x00, 0x00, 
	0x00, 0x00, 0x00, 0x00, 0x20, 0x01, 0x27, 0x01, 0x23, 0x00, 0x00, 
	0x00, 0x00, 0x00, 0x00, 0x00, 0x00, 0x00, 0x00, 0x00, 0x21, 0x01, 
	0x27, 0x22, 0x18, 0x00, 0x00, 0x00, 0x00, 0x00, 0x00, 0x00, 0x06, 
	0x12, 0x08, 0x08, 0x0d, 0x33, 0x00, 0x00, 0x00, 0x00, 0x00, 0x00, 
	0x00, 0x00, 0x00, 0x00, 0x00, 0x00, 0x23, 0x3a, 0x00, 0x00, 0x00, 
	0x00, 0x00, 0x00, 0x00, 0x00, 0x00, 0x00, 0x00, 0x00, 0x33, 0x05, 
	0x12, 0x08, 0x08, 0x08, 0x12, 0x04, 0x32, 0x00, 0x00, 0x00, 0x00, 
	0x00, 0x00, 0x00, 0x00, 0x00, 0x00, 0x00, 0x00, 0x00, 0x00, 0x00, 
	0x13, 0x10, 0x0d, 0x10, 0x14, 0x00, 0x00, 0x00, 0x00, 0x00, 0x00, 
	0x00, 0x00, 0x00, 0x00, 0x32, 0x04, 0x08, 0x08, 0x08, 0x07, 0x31, 
	0x00, 0x00, 0x00, 0x00, 0x00, 0x00, 0x20, 0x00, 0x00, 0x00, 0x00, 
	0x00, 0x00, 0x00, 0x00, 0x20, 0x22, 0x27, 0x01, 0x20, 0x00, 0x00, 
	0x00, 0x00, 0x00, 0x00, 0x00, 0x00, 0x00, 0x00, 0x3a, 0x2a, 0x27, 
	0x27, 0x01, 0x21, 0x3f, 0x00, 0x00, 0x00, 0x00, 0x00, 0x00, 0x00, 
	0x1a, 0x01, 0x27, 0x01, 0x25, 0x00, 0x00, 0x00, 0x00, 0x00, 0x00, 
	0x00, 0x00, 0x00, 0x16, 0x01, 0x01, 0x27, 0x01, 0x1f, 0x00, 0x00, 
	0x00, 0x00, 0x00, 0x00, 0x00, 0x00, 0x00, 0x00, 0x00, 0x14, 0x15, 
	0x22, 0x13, 0x00, 0x00, 0x00, 0x00, 0x00, 0x00, 0x00, 0x00, 0x28, 
	0x2a, 0x27, 0x27, 0x2a, 0x24, 0x00, 0x00, 0x00, 0x00, 0x00, 0x00, 
	0x00, 0x00, 0x00, 0x00, 0x00, 0x00, 0x00, 0x00, 0x00, 0x00, 0x00, 
	0x00, 0x00, 0x00, 0x00, 0x00, 0x00, 0x00, 0x00, 0x20, 0x01, 0x27, 
	0x01, 0x23, 0x00, 0x00, 0x00, 0x00, 0x00, 0x00, 0x00, 0x00, 0x00, 
	0x00, 0x3b, 0x1e, 0x01, 0x27, 0x22, 0x3b, 0x00, 0x00, 0x00, 0x00, 
	0x00, 0x00, 0x00, 0x06, 0x12, 0x08, 0x08, 0x0d, 0x33, 0x00, 0x00, 
	0x00, 0x00, 0x00, 0x00, 0x00, 0x00, 0x00, 0x00, 0x00, 0x00, 0x23, 
	0x3a, 0x00, 0x00, 0x00, 0x00, 0x00, 0x00, 0x00, 0x00, 0x00, 0x00, 
	0x00, 0x00, 0x33, 0x02, 0x12, 0x08, 0x08, 0x08, 0x12, 0x05, 0x33, 
	0x00, 0x00, 0x00, 0x00, 0x00, 0x00, 0x00, 0x00, 0x00, 0x00, 0x00, 
	0x00, 0x00, 0x00, 0x33, 0x06, 0x0d, 0x08, 0x12, 0x17, 0x00, 0x00, 
	0x00, 0x00, 0x00, 0x00, 0x00, 0x00, 0x00, 0x00, 0x37, 0x08, 0x08, 
	0x08, 0x08, 0x35, 0x00, 0x00, 0x00, 0x00, 0x00, 0x00, 0x00, 0x20, 
	0x00, 0x00, 0x00, 0x00, 0x00, 0x00, 0x00, 0x00, 0x26, 0x27, 0x22, 
	0x27, 0x20, 0x00, 0x00, 0x00, 0x00, 0x00, 0x00, 0x00, 0x00, 0x00, 
	0x00, 0x24, 0x01, 0x22, 0x27, 0x01, 0x1f, 0x00, 0x00, 0x00, 0x00, 
	0x00, 0x00, 0x00, 0x00, 0x1a, 0x01, 0x27, 0x01, 0x25, 0x00, 0x00, 
	0x00, 0x00, 0x00, 0x00, 0x00, 0x00, 0x00, 0x1c, 0x01, 0x01, 0x27, 
	0x27, 0x1d, 0x00, 0x00, 0x00, 0x00, 0x00, 0x00, 0x00, 0x00, 0x00, 
	0x00, 0x00, 0x31, 0x0a, 0x0b, 0x16, 0x00, 0x00, 0x00, 0x00, 0x00, 
	0x00, 0x00, 0x00, 0x00, 0x2a, 0x01, 0x27, 0x01, 0x1c, 0x00, 0x00, 
	0x00, 0x00, 0x00, 0x00, 0x00, 0x00, 0x00, 0x00, 0x00, 0x00, 0x00, 
	0x00, 0x00, 0x00, 0x00, 0x00, 0x00, 0x00, 0x00, 0x00, 0x00, 0x00, 
	0x00, 0x20, 0x01, 0x27, 0x01, 0x23, 0x00, 0x00, 0x00, 0x00, 0x00, 
	0x00, 0x00, 0x00, 0x00, 0x00, 0x16, 0x01, 0x27, 0x27, 0x1e, 0x3f, 
	0x00, 0x00, 0x00, 0x00, 0x00, 0x00, 0x00, 0x06, 0x08, 0x08, 0x08, 
	0x0d, 0x33, 0x00, 0x00, 0x00, 0x00, 0x00, 0x00, 0x00, 0x00, 0x00, 
	0x00, 0x00, 0x00, 0x3c, 0x00, 0x00, 0x00, 0x00, 0x00, 0x00, 0x00, 
	0x00, 0x00, 0x00, 0x00, 0x00, 0x00, 0x33, 0x37, 0x12, 0x12, 0x08, 
	0x08, 0x12, 0x35, 0x33, 0x00, 0x00, 0x00, 0x00, 0x00, 0x00, 0x00, 
	0x00, 0x00, 0x00, 0x00, 0x00, 0x00, 0x00, 0x33, 0x0d, 0x08, 0x12, 
	0x11, 0x1c, 0x00, 0x00, 0x00, 0x00, 0x00, 0x00, 0x00, 0x00, 0x00, 
	0x00, 0x37, 0x12, 0x08, 0x08, 0x08, 0x36, 0x00, 0x00, 0x00, 0x00, 
	0x00, 0x00, 0x00, 0x20, 0x00, 0x00, 0x00, 0x00, 0x00, 0x00, 0x00, 
	0x00, 0x26, 0x01, 0x27, 0x01, 0x20, 0x00, 0x00, 0x00, 0x00, 0x00, 
	0x00, 0x00, 0x00, 0x00, 0x00, 0x18, 0x01, 0x27, 0x27, 0x01, 0x17, 
	0x00, 0x00, 0x00, 0x00, 0x00, 0x00, 0x00, 0x00, 0x21, 0x01, 0x22, 
	0x01, 0x25, 0x00, 0x00, 0x00, 0x00, 0x00, 0x00, 0x00, 0x00, 0x00, 
	0x26, 0x01, 0x22, 0x27, 0x01, 0x24, 0x00, 0x00, 0x00, 0x00, 0x00, 
	0x00, 0x00, 0x00, 0x00, 0x00, 0x00, 0x33, 0x09, 0x10, 0x0f, 0x00, 
	0x00, 0x00, 0x00, 0x00, 0x00, 0x00, 0x00, 0x00, 0x2a, 0x01, 0x27, 
	0x27, 0x25, 0x00, 0x00, 0x00, 0x00, 0x00, 0x00, 0x00, 0x00, 0x00, 
	0x00, 0x00, 0x00, 0x00, 0x00, 0x00, 0x00, 0x00, 0x00, 0x00, 0x00, 
	0x00, 0x00, 0x00, 0x00, 0x00, 0x26, 0x27, 0x01, 0x27, 0x23, 0x00, 
	0x00, 0x00, 0x00, 0x00, 0x00, 0x00, 0x00, 0x00, 0x00, 0x26, 0x22, 
	0x22, 0x01, 0x1f, 0x00, 0x00, 0x00, 0x00, 0x00, 0x00, 0x00, 0x00, 
	0x06, 0x12, 0x08, 0x08, 0x0d, 0x3f, 0x00, 0x00, 0x00, 0x00, 0x00, 
	0x00, 0x00, 0x00, 0x00, 0x00, 0x00, 0x00, 0x3c, 0x00, 0x00, 0x00, 
	0x00, 0x00, 0x00, 0x00, 0x00, 0x00, 0x00, 0x00, 0x00, 0x00, 0x00, 
	0x32, 0x0d, 0x08, 0x08, 0x08, 0x0d, 0x32, 0x00, 0x00, 0x00, 0x00, 
	0x00, 0x00, 0x00, 0x00, 0x00, 0x00, 0x00, 0x00, 0x00, 0x00, 0x00, 
	0x31, 0x08, 0x12, 0x08, 0x0a, 0x0a, 0x00, 0x00, 0x00, 0x00, 0x00, 
	0x00, 0x00, 0x00, 0x00, 0x00, 0x14, 0x10, 0x0d, 0x0d, 0x10, 0x00, 
	0x00, 0x00, 0x00, 0x00, 0x00, 0x00, 0x00, 0x20, 0x00, 0x00, 0x00, 
	0x00, 0x00, 0x00, 0x00, 0x00, 0x26, 0x01, 0x27, 0x01, 0x20, 0x00, 
	0x00, 0x00, 0x00, 0x00, 0x00, 0x00, 0x00, 0x00, 0x3a, 0x21, 0x01, 
	0x01, 0x22, 0x22, 0x3c, 0x00, 0x00, 0x00, 0x00, 0x00, 0x00, 0x00, 
	0x00, 0x21, 0x01, 0x27, 0x01, 0x1f, 0x00, 0x00, 0x00, 0x00, 0x00, 
	0x00, 0x00, 0x00, 0x00, 0x1a, 0x01, 0x27, 0x27, 0x22, 0x3b, 0x00, 
	0x00, 0x00, 0x00, 0x00, 0x00, 0x00, 0x00, 0x00, 0x00, 0x00, 0x33, 
	0x09, 0x10, 0x14, 0x00, 0x00, 0x00, 0x00, 0x00, 0x00, 0x00, 0x00, 
	0x00, 0x2a, 0x01, 0x22, 0x27, 0x1f, 0x00, 0x00, 0x00, 0x00, 0x00, 
	0x00, 0x00, 0x00, 0x00, 0x00, 0x00, 0x00, 0x00, 0x00, 0x00, 0x00, 
	0x00, 0x00, 0x00, 0x00, 0x00, 0x00, 0x00, 0x00, 0x00, 0x20, 0x27, 
	0x27, 0x01, 0x24, 0x00, 0x00, 0x00, 0x00, 0x00, 0x00, 0x00, 0x00, 
	0x00, 0x3b, 0x1e, 0x19, 0x1e, 0x22, 0x17, 0x00, 0x00, 0x00, 0x00, 
	0x00, 0x00, 0x00, 0x00, 0x06, 0x12, 0x08, 0x08, 0x0d, 0x3f, 0x00, 
	0x00, 0x00, 0x00, 0x00, 0x00, 0x00, 0x00, 0x00, 0x00, 0x00, 0x00, 
	0x3c, 0x00, 0x00, 0x00, 0x00, 0x00, 0x00, 0x00, 0x00, 0x00, 0x00, 
	0x00, 0x00, 0x00, 0x00, 0x32, 0x04, 0x08, 0x08, 0x08, 0x06, 0x32, 
	0x00, 0x00, 0x00, 0x00, 0x00, 0x00, 0x00, 0x00, 0x00, 0x00, 0x00, 
	0x00, 0x00, 0x00, 0x00, 0x31, 0x08, 0x12, 0x08, 0x0a, 0x0a, 0x00, 
	0x00, 0x00, 0x00, 0x00, 0x00, 0x00, 0x00, 0x00, 0x16, 0x15, 0x0b, 
	0x0a, 0x11, 0x35, 0x00, 0x00, 0x00, 0x00, 0x00, 0x00, 0x00, 0x00, 
	0x20, 0x00, 0x00, 0x00, 0x00, 0x00, 0x00, 0x00, 0x00, 0x26, 0x01, 
	0x27, 0x01, 0x20, 0x00, 0x00, 0x00, 0x00, 0x00, 0x00, 0x00, 0x00, 
	0x00, 0x1d, 0x01, 0x01, 0x22, 0x27, 0x20, 0x00, 0x00, 0x00, 0x00, 
	0x00, 0x00, 0x00, 0x00, 0x00, 0x21, 0x01, 0x27, 0x01, 0x1f, 0x00, 
	0x00, 0x00, 0x00, 0x00, 0x00, 0x00, 0x00, 0x3a, 0x1e, 0x01, 0x27, 
	0x01, 0x2a, 0x3e, 0x00, 0x00, 0x00, 0x00, 0x00, 0x00, 0x00, 0x00, 
	0x00, 0x00, 0x00, 0x00, 0x05, 0x10, 0x13, 0x32, 0x00, 0x00, 0x00, 
	0x00, 0x00, 0x00, 0x00, 0x00, 0x2a, 0x01, 0x27, 0x01, 0x25, 0x00, 
	0x00, 0x00, 0x00, 0x00, 0x00, 0x00, 0x00, 0x00, 0x00, 0x00, 0x00, 
	0x00, 0x00, 0x00, 0x00, 0x00, 0x00, 0x00, 0x00, 0x00, 0x00, 0x00, 
	0x00, 0x00, 0x20, 0x01, 0x01, 0x27, 0x23, 0x00, 0x00, 0x00, 0x00, 
	0x00, 0x00, 0x00, 0x00, 0x00, 0x1d, 0x01, 0x27, 0x27, 0x1a, 0x3f, 
	0x00, 0x00, 0x00, 0x00, 0x00, 0x00, 0x00, 0x00, 0x06, 0x08, 0x08, 
	0x08, 0x0d, 0x33, 0x00, 0x00, 0x00, 0x00, 0x00, 0x00, 0x00, 0x00, 
	0x00, 0x00, 0x00, 0x00, 0x3c, 0x00, 0x00, 0x00, 0x00, 0x00, 0x00, 
	0x00, 0x00, 0x00, 0x00, 0x00, 0x00, 0x00, 0x00, 0x00, 0x09, 0x12, 
	0x08, 0x08, 0x0e, 0x00, 0x00, 0x00, 0x00, 0x00, 0x00, 0x00, 0x00, 
	0x00, 0x00, 0x00, 0x00, 0x00, 0x00, 0x00, 0x00, 0x31, 0x04, 0x12, 
	0x08, 0x11, 0x09, 0x00, 0x00, 0x00, 0x00, 0x00, 0x00, 0x00, 0x00, 
	0x00, 0x1f, 0x27, 0x22, 0x0c, 0x0b, 0x37, 0x00, 0x00, 0x00, 0x00, 
	0x00, 0x00, 0x00, 0x00, 0x20, 0x00, 0x00, 0x00, 0x00, 0x00, 0x00, 
	0x00, 0x00, 0x26, 0x27, 0x22, 0x01, 0x20, 0x00, 0x00, 0x00, 0x00, 
	0x00, 0x00, 0x00, 0x00, 0x28, 0x19, 0x01, 0x27, 0x1e, 0x01, 0x23, 
	0x00, 0x00, 0x00, 0x00, 0x00, 0x00, 0x00, 0x00, 0x00, 0x21, 0x01, 
	0x01, 0x01, 0x25, 0x00, 0x00, 0x00, 0x00, 0x00, 0x00, 0x00, 0x00, 
	0x23, 0x22, 0x01, 0x27, 0x01, 0x21, 0x00, 0x00, 0x00, 0x00, 0x00, 
	0x00, 0x00, 0x00, 0x00, 0x00, 0x00, 0x00, 0x00, 0x02, 0x10, 0x10, 
	0x32, 0x00, 0x00, 0x00, 0x00, 0x00, 0x00, 0x00, 0x00, 0x2a, 0x01, 
	0x27, 0x01, 0x1f, 0x00, 0x00, 0x00, 0x00, 0x00, 0x00, 0x00, 0x00, 
	0x00, 0x00, 0x00, 0x00, 0x00, 0x00, 0x00, 0x00, 0x00, 0x00, 0x00, 
	0x00, 0x00, 0x00, 0x00, 0x00, 0x00, 0x26, 0x1e, 0x01, 0x01, 0x23, 
	0x00, 0x00, 0x00, 0x00, 0x00, 0x00, 0x00, 0x00, 0x28, 0x19, 0x27, 
	0x27, 0x01, 0x1c, 0x00, 0x00, 0x00, 0x00, 0x00, 0x00, 0x00, 0x00, 
	0x00, 0x06, 0x12, 0x08, 0x08, 0x0d, 0x33, 0x00, 0x00, 0x00, 0x00, 
	0x00, 0x00, 0x00, 0x00, 0x00, 0x00, 0x00, 0x00, 0x3b, 0x38, 0x00, 
	0x00, 0x00, 0x00, 0x00, 0x00, 0x00, 0x00, 0x00, 0x00, 0x00, 0x00, 
	0x00, 0x00, 0x34, 0x12, 0x08, 0x08, 0x14, 0x00, 0x00, 0x00, 0x00, 
	0x00, 0x00, 0x00, 0x00, 0x00, 0x00, 0x00, 0x00, 0x00, 0x00, 0x00, 
	0x00, 0x31, 0x04, 0x08, 0x08, 0x12, 0x14, 0x00, 0x00, 0x00, 0x00, 
	0x00, 0x00, 0x00, 0x00, 0x24, 0x2a, 0x27, 0x15, 0x0a, 0x0e, 0x33, 
	0x00, 0x00, 0x00, 0x00, 0x00, 0x00, 0x00, 0x00, 0x2c, 0x00, 0x00, 
	0x00, 0x00, 0x00, 0x00, 0x00, 0x00, 0x26, 0x27, 0x22, 0x01, 0x20, 
	0x00, 0x00, 0x00, 0x00, 0x00, 0x00, 0x00, 0x00, 0x16, 0x27, 0x22, 
	0x27, 0x27, 0x19, 0x00, 0x00, 0x00, 0x00, 0x00, 0x00, 0x00, 0x00, 
	0x00, 0x00, 0x1a, 0x27, 0x01, 0x27, 0x25, 0x00, 0x00, 0x00, 0x00, 
	0x00, 0x00, 0x00, 0x00, 0x16, 0x01, 0x27, 0x27, 0x01, 0x25, 0x00, 
	0x00, 0x00, 0x00, 0x00, 0x00, 0x00, 0x00, 0x00, 0x00, 0x00, 0x00, 
	0x33, 0x02, 0x10, 0x12, 0x35, 0x33, 0x00, 0x00, 0x00, 0x00, 0x00, 
	0x00, 0x00, 0x2a, 0x01, 0x27, 0x27, 0x1f, 0x00, 0x00, 0x00, 0x00, 
	0x00, 0x00, 0x00, 0x00, 0x00, 0x00, 0x00, 0x00, 0x00, 0x00, 0x00, 
	0x00, 0x00, 0x00, 0x00, 0x00, 0x00, 0x00, 0x00, 0x00, 0x00, 0x16, 
	0x25, 0x19, 0x27, 0x23, 0x00, 0x00, 0x00, 0x00, 0x00, 0x00, 0x00, 
	0x00, 0x18, 0x01, 0x22, 0x27, 0x1e, 0x3d, 0x00, 0x00, 0x00, 0x00, 
	0x00, 0x00, 0x00, 0x00, 0x00, 0x03, 0x12, 0x08, 0x08, 0x0d, 0x00, 
	0x00, 0x00, 0x00, 0x00, 0x00, 0x00, 0x00, 0x00, 0x00, 0x00, 0x00, 
	0x00, 0x3d, 0x38, 0x00, 0x00, 0x00, 0x00, 0x00, 0x00, 0x00, 0x00, 
	0x00, 0x00, 0x00, 0x00, 0x00, 0x00, 0x37, 0x12, 0x08, 0x08, 0x36, 
	0x00, 0x00, 0x00, 0x00, 0x00, 0x00, 0x00, 0x00, 0x00, 0x00, 0x00, 
	0x00, 0x00, 0x00, 0x00, 0x00, 0x31, 0x04, 0x12, 0x08, 0x08, 0x34, 
	0x00, 0x00, 0x00, 0x00, 0x00, 0x00, 0x00, 0x00, 0x1f, 0x22, 0x1e, 
	0x22, 0x1f, 0x3f, 0x00, 0x00, 0x00, 0x00, 0x00, 0x00, 0x00, 0x00, 
	0x00, 0x2c, 0x00, 0x00, 0x00, 0x00, 0x00, 0x00, 0x00, 0x00, 0x26, 
	0x27, 0x22, 0x01, 0x20, 0x00, 0x00, 0x00, 0x00, 0x00, 0x00, 0x00, 
	0x00, 0x26, 0x01, 0x27, 0x01, 0x01, 0x16, 0x00, 0x00, 0x00, 0x00, 
	0x00, 0x00, 0x00, 0x00, 0x00, 0x3f, 0x19, 0x27, 0x27, 0x27, 0x20, 
	0x00, 0x00, 0x00, 0x00, 0x00, 0x00, 0x00, 0x00, 0x1c, 0x01, 0x27, 
	0x27, 0x01, 0x1d, 0x00, 0x00, 0x00, 0x00, 0x00, 0x00, 0x00, 0x00, 
	0x00, 0x00, 0x00, 0x00, 0x33, 0x02, 0x10, 0x12, 0x05, 0x33, 0x00, 
	0x00, 0x00, 0x00, 0x00, 0x00, 0x3f, 0x2a, 0x01, 0x01, 0x01, 0x20, 
	0x00, 0x00, 0x00, 0x00, 0x00, 0x00, 0x00, 0x00, 0x00, 0x00, 0x00, 
	0x00, 0x00, 0x00, 0x00, 0x00, 0x00, 0x00, 0x00, 0x00, 0x00, 0x00, 
	0x00, 0x00, 0x00, 0x25, 0x26, 0x1e, 0x01, 0x23, 0x00, 0x00, 0x00, 
	0x00, 0x00, 0x00, 0x00, 0x00, 0x21, 0x01, 0x2a, 0x2a, 0x1c, 0x00, 
	0x00, 0x00, 0x00, 0x00, 0x00, 0x00, 0x00, 0x00, 0x00, 0x03, 0x12, 
	0x08, 0x08, 0x0e, 0x00, 0x00, 0x00, 0x00, 0x00, 0x00, 0x00, 0x00, 
	0x00, 0x00, 0x00, 0x00, 0x3f, 0x16, 0x38, 0x00, 0x00, 0x00, 0x00, 
	0x00, 0x00, 0x00, 0x00, 0x00, 0x00, 0x00, 0x00, 0x00, 0x00, 0x32, 
	0x0d, 0x08, 0x08, 0x37, 0x00, 0x00, 0x00, 0x00, 0x00, 0x00, 0x00, 
	0x00, 0x00, 0x00, 0x00, 0x00, 0x00, 0x00, 0x00, 0x00, 0x31, 0x04, 
	0x12, 0x12, 0x08, 0x09, 0x00, 0x00, 0x00, 0x00, 0x00, 0x00, 0x00, 
	0x1b, 0x22, 0x01, 0x2a, 0x27, 0x1c, 0x00, 0x00, 0x00, 0x00, 0x00, 
	0x00, 0x00, 0x00, 0x00, 0x00, 0x3e, 0x00, 0x00, 0x00, 0x00, 0x00, 
	0x00, 0x00, 0x00, 0x21, 0x27, 0x22, 0x01, 0x26, 0x00, 0x00, 0x00, 
	0x00, 0x00, 0x00, 0x00, 0x17, 0x1e, 0x27, 0x27, 0x27, 0x21, 0x00, 
	0x00, 0x00, 0x00, 0x00, 0x00, 0x00, 0x00, 0x00, 0x00, 0x3e, 0x1e, 
	0x01, 0x27, 0x01, 0x21, 0x00, 0x00, 0x00, 0x00, 0x00, 0x00, 0x00, 
	0x00, 0x20, 0x01, 0x27, 0x27, 0x27, 0x17, 0x00, 0x00, 0x00, 0x00, 
	0x00, 0x00, 0x00, 0x00, 0x00, 0x00, 0x00, 0x00, 0x33, 0x03, 0x12, 
	0x12, 0x04, 0x33, 0x00, 0x00, 0x00, 0x00, 0x00, 0x00, 0x28, 0x19, 
	0x01, 0x27, 0x27, 0x21, 0x00, 0x00, 0x00, 0x00, 0x00, 0x00, 0x00, 
	0x00, 0x00, 0x00, 0x00, 0x00, 0x00, 0x00, 0x00, 0x00, 0x00, 0x00, 
	0x00, 0x00, 0x00, 0x00, 0x00, 0x00, 0x00, 0x21, 0x1e, 0x01, 0x27, 
	0x3d, 0x00, 0x00, 0x00, 0x00, 0x00, 0x00, 0x00, 0x17, 0x22, 0x22, 
	0x2a, 0x17, 0x3f, 0x00, 0x00, 0x00, 0x00, 0x00, 0x00, 0x00, 0x00, 
	0x00, 0x3f, 0x03, 0x12, 0x08, 0x08, 0x0e, 0x00, 0x00, 0x00, 0x00, 
	0x00, 0x00, 0x00, 0x00, 0x00, 0x00, 0x00, 0x00, 0x3d, 0x21, 0x3d, 
	0x00, 0x00, 0x00, 0x00, 0x00, 0x00, 0x00, 0x00, 0x00, 0x00, 0x00, 
	0x00, 0x00, 0x00, 0x31, 0x0d, 0x08, 0x08, 0x38, 0x00, 0x00, 0x00, 
	0x00, 0x00, 0x00, 0x00, 0x00, 0x00, 0x00, 0x00, 0x00, 0x00, 0x00, 
	0x00, 0x00, 0x31, 0x04, 0x12, 0x08, 0x08, 0x09, 0x33, 0x00, 0x00, 
	0x00, 0x00, 0x00, 0x00, 0x1c, 0x27, 0x22, 0x22, 0x1e, 0x3d, 0x00, 
	0x00, 0x00, 0x00, 0x00, 0x00, 0x00, 0x00, 0x00, 0x00, 0x36, 0x00, 
	0x00, 0x00, 0x00, 0x00, 0x00, 0x00, 0x00, 0x21, 0x01, 0x22, 0x01, 
	0x26, 0x00, 0x00, 0x00, 0x00, 0x00, 0x00, 0x00, 0x20, 0x01, 0x27, 
	0x22, 0x22, 0x16, 0x00, 0x00, 0x00, 0x00, 0x00, 0x00, 0x00, 0x00, 
	0x00, 0x00, 0x3c, 0x22, 0x01, 0x27, 0x01, 0x1a, 0x00, 0x00, 0x00, 
	0x00, 0x00, 0x00, 0x00, 0x00, 0x21, 0x01, 0x27, 0x22, 0x27, 0x24, 
	0x00, 0x00, 0x00, 0x00, 0x00, 0x00, 0x00, 0x00, 0x00, 0x00, 0x00, 
	0x00, 0x33, 0x03, 0x12, 0x12, 0x0d, 0x33, 0x00, 0x00, 0x00, 0x00, 
	0x00, 0x00, 0x3e, 0x19, 0x01, 0x01, 0x01, 0x19, 0x39, 0x00, 0x00, 
	0x00, 0x00, 0x00, 0x00, 0x00, 0x00, 0x00, 0x00, 0x00, 0x00, 0x00, 
	0x00, 0x00, 0x00, 0x00, 0x00, 0x00, 0x00, 0x00, 0x00, 0x00, 0x00, 
	0x26, 0x01, 0x27, 0x27, 0x23, 0x00, 0x00, 0x00, 0x00, 0x00, 0x00, 
	0x00, 0x20, 0x01, 0x27, 0x27, 0x16, 0x00, 0x00, 0x00, 0x00, 0x00, 
	0x00, 0x00, 0x00, 0x00, 0x00, 0x3f, 0x08, 0x12, 0x08, 0x08, 0x0e, 
	0x00, 0x00, 0x00, 0x00, 0x00, 0x00, 0x00, 0x00, 0x00, 0x00, 0x00, 
	0x00, 0x23, 0x19, 0x1b, 0x00, 0x00, 0x00, 0x00, 0x00, 0x00, 0x00, 
	0x00, 0x00, 0x00, 0x00, 0x00, 0x00, 0x00, 0x33, 0x06, 0x08, 0x08, 
	0x32, 0x00, 0x00, 0x00, 0x00, 0x00, 0x00, 0x00, 0x00, 0x00, 0x00, 
	0x00, 0x00, 0x00, 0x00, 0x00, 0x00, 0x32, 0x08, 0x12, 0x08, 0x08, 
	0x0d, 0x33, 0x00, 0x00, 0x00, 0x00, 0x00, 0x00, 0x16, 0x0c, 0x22, 
	0x27, 0x26, 0x00, 0x00, 0x00, 0x00, 0x00, 0x00, 0x00, 0x00, 0x00, 
	0x00, 0x00, 0x3f, 0x00, 0x00, 0x00, 0x00, 0x00, 0x00, 0x00, 0x3f, 
	0x1e, 0x22, 0x27, 0x01, 0x1a, 0x00, 0x00, 0x00, 0x00, 0x00, 0x00, 
	0x17, 0x22, 0x22, 0x27, 0x01, 0x1f, 0x00, 0x00, 0x00, 0x00, 0x00, 
	0x00, 0x00, 0x00, 0x00, 0x00, 0x00, 0x24, 0x22, 0x27, 0x22, 0x27, 
	0x1e, 0x1b, 0x00, 0x00, 0x00, 0x00, 0x00, 0x00, 0x1b, 0x22, 0x22, 
	0x01, 0x22, 0x01, 0x23, 0x00, 0x00, 0x00, 0x00, 0x00, 0x00, 0x00, 
	0x00, 0x00, 0x00, 0x00, 0x00, 0x33, 0x02, 0x10, 0x10, 0x10, 0x38, 
	0x00, 0x00, 0x00, 0x00, 0x00, 0x00, 0x24, 0x01, 0x27, 0x27, 0x27, 
	0x22, 0x3c, 0x00, 0x00, 0x00, 0x00, 0x00, 0x00, 0x00, 0x00, 0x00, 
	0x00, 0x00, 0x00, 0x00, 0x00, 0x00, 0x00, 0x00, 0x00, 0x00, 0x00, 
	0x00, 0x00, 0x00, 0x00, 0x19, 0x22, 0x01, 0x27, 0x16, 0x00, 0x00, 
	0x00, 0x00, 0x00, 0x00, 0x24, 0x22, 0x01, 0x01, 0x26, 0x00, 0x00, 
	0x00, 0x00, 0x00, 0x00, 0x00, 0x00, 0x00, 0x00, 0x33, 0x32, 0x0d, 
	0x12, 0x08, 0x08, 0x07, 0x32, 0x00, 0x00, 0x00, 0x00, 0x00, 0x00, 
	0x00, 0x00, 0x3f, 0x31, 0x36, 0x0e, 0x0a, 0x3a, 0x00, 0x00, 0x00, 
	0x00, 0x00, 0x00, 0x00, 0x00, 0x00, 0x00, 0x00, 0x00, 0x00, 0x00, 
	0x00, 0x0f, 0x10, 0x05, 0x31, 0x00, 0x00, 0x00, 0x00, 0x00, 0x00, 
	0x00, 0x00, 0x00, 0x00, 0x00, 0x00, 0x00, 0x00, 0x00, 0x00, 0x37, 
	0x08, 0x12, 0x08, 0x12, 0x0d, 0x38, 0x00, 0x00, 0x00, 0x00, 0x31, 
	0x35, 0x06, 0x11, 0x0b, 0x0b, 0x3b, 0x00, 0x00, 0x00, 0x00, 0x00, 
	0x00, 0x00, 0x00, 0x00, 0x00, 0x00, 0x3f, 0x00, 0x00, 0x00, 0x00, 
	0x00, 0x00, 0x00, 0x3b, 0x1e, 0x22, 0x22, 0x27, 0x1a, 0x3e, 0x00, 
	0x00, 0x00, 0x00, 0x3e, 0x20, 0x27, 0x27, 0x27, 0x19, 0x1b, 0x00, 
	0x00, 0x00, 0x00, 0x00, 0x00, 0x00, 0x00, 0x00, 0x00, 0x00, 0x17, 
	0x01, 0x01, 0x01, 0x27, 0x22, 0x17, 0x00, 0x00, 0x00, 0x00, 0x00, 
	0x00, 0x16, 0x01, 0x01, 0x27, 0x27, 0x01, 0x24, 0x00, 0x00, 0x00, 
	0x00, 0x00, 0x00, 0x00, 0x00, 0x00, 0x00, 0x00, 0x00, 0x00, 0x37, 
	0x10, 0x10, 0x0b, 0x17, 0x00, 0x00, 0x00, 0x00, 0x00, 0x00, 0x18, 
	0x27, 0x22, 0x27, 0x27, 0x01, 0x23, 0x00, 0x00, 0x00, 0x00, 0x00, 
	0x00, 0x00, 0x00, 0x00, 0x00, 0x00, 0x00, 0x00, 0x00, 0x00, 0x00, 
	0x00, 0x00, 0x00, 0x00, 0x00, 0x00, 0x00, 0x1b, 0x1e, 0x27, 0x01, 
	0x27, 0x18, 0x00, 0x00, 0x00, 0x00, 0x00, 0x3f, 0x26, 0x01, 0x22, 
	0x1e, 0x3c, 0x00, 0x00, 0x00, 0x00, 0x00, 0x00, 0x00, 0x00, 0x00, 
	0x00, 0x33, 0x02, 0x0d, 0x12, 0x08, 0x08, 0x0d, 0x32, 0x00, 0x00, 
	0x00, 0x00, 0x00, 0x00, 0x00, 0x00, 0x3f, 0x06, 0x09, 0x10, 0x0a, 
	0x38, 0x00, 0x00, 0x00, 0x00, 0x00, 0x00, 0x00, 0x00, 0x00, 0x00, 
	0x00, 0x00, 0x00, 0x00, 0x00, 0x37, 0x10, 0x05, 0x33, 0x00, 0x00, 
	0x00, 0x00, 0x00, 0x00, 0x00, 0x00, 0x00, 0x00, 0x00, 0x00, 0x00, 
	0x00, 0x00, 0x00, 0x37, 0x08, 0x12, 0x08, 0x08, 0x0d, 0x37, 0x00, 
	0x00, 0x00, 0x00, 0x37, 0x10, 0x12, 0x12, 0x13, 0x0f, 0x00, 0x00, 
	0x00, 0x00, 0x00, 0x00, 0x00, 0x00, 0x00, 0x00, 0x00, 0x00, 0x3f, 
	0x00, 0x00, 0x00, 0x00, 0x00, 0x00, 0x00, 0x18, 0x01, 0x01, 0x27, 
	0x01, 0x1e, 0x3b, 0x00, 0x00, 0x00, 0x28, 0x25, 0x22, 0x01, 0x01, 
	0x1e, 0x24, 0x00, 0x00, 0x00, 0x00, 0x00, 0x00, 0x00, 0x00, 0x00, 
	0x00, 0x00, 0x00, 0x1c, 0x27, 0x1e, 0x22, 0x1e, 0x27, 0x1f, 0x00, 
	0x00, 0x00, 0x00, 0x00, 0x00, 0x20, 0x01, 0x01, 0x1e, 0x01, 0x27, 
	0x18, 0x00, 0x00, 0x00, 0x00, 0x00, 0x00, 0x00, 0x00, 0x00, 0x00, 
	0x00, 0x00, 0x00, 0x37, 0x10, 0x0a, 0x1e, 0x20, 0x00, 0x00, 0x00, 
	0x00, 0x00, 0x00, 0x20, 0x01, 0x27, 0x27, 0x27, 0x01, 0x16, 0x00, 
	0x00, 0x00, 0x00, 0x00, 0x00, 0x00, 0x00, 0x00, 0x00, 0x00, 0x00, 
	0x00, 0x00, 0x00, 0x00, 0x00, 0x00, 0x00, 0x00, 0x00, 0x00, 0x00, 
	0x16, 0x01, 0x01, 0x27, 0x27, 0x1c, 0x00, 0x00, 0x00, 0x00, 0x00, 
	0x20, 0x01, 0x01, 0x2a, 0x24, 0x00, 0x00, 0x00, 0x00, 0x00, 0x00, 
	0x00, 0x00, 0x00, 0x00, 0x33, 0x30, 0x05, 0x12, 0x08, 0x08, 0x08, 
	0x08, 0x36, 0x33, 0x33, 0x33, 0x33, 0x31, 0x31, 0x33, 0x31, 0x37, 
	0x05, 0x10, 0x11, 0x0a, 0x3d, 0x00, 0x00, 0x00, 0x00, 0x00, 0x00, 
	0x00, 0x00, 0x00, 0x00, 0x00, 0x00, 0x00, 0x00, 0x00, 0x38, 0x10, 
	0x09, 0x00, 0x00, 0x00, 0x00, 0x00, 0x00, 0x00, 0x00, 0x00, 0x00, 
	0x00, 0x00, 0x00, 0x00, 0x00, 0x00, 0x31, 0x34, 0x08, 0x08, 0x08, 
	0x08, 0x08, 0x35, 0x32, 0x32, 0x37, 0x36, 0x07, 0x12, 0x10, 0x10, 
	0x38, 0x00, 0x00, 0x00, 0x00, 0x00, 0x00, 0x00, 0x00, 0x00, 0x00, 
	0x00, 0x00, 0x00, 0x20, 0x00, 0x00, 0x00, 0x00, 0x00, 0x00, 0x00, 
	0x21, 0x01, 0x27, 0x27, 0x27, 0x27, 0x1d, 0x1b, 0x3c, 0x24, 0x25, 
	0x01, 0x01, 0x22, 0x19, 0x23, 0x00, 0x00, 0x00, 0x00, 0x00, 0x00, 
	0x00, 0x00, 0x00, 0x00, 0x00, 0x00, 0x39, 0x20, 0x27, 0x22, 0x01, 
	0x27, 0x01, 0x2a, 0x3e, 0x00, 0x00, 0x00, 0x00, 0x3a, 0x1e, 0x27, 
	0x27, 0x1e, 0x01, 0x27, 0x25, 0x00, 0x00, 0x00, 0x00, 0x00, 0x00, 
	0x00, 0x00, 0x00, 0x00, 0x00, 0x00, 0x00, 0x1d, 0x0c, 0x1e, 0x22, 
	0x0c, 0x3b, 0x00, 0x00, 0x00, 0x00, 0x3a, 0x19, 0x01, 0x01, 0x01, 
	0x27, 0x01, 0x21, 0x28, 0x00, 0x00, 0x00, 0x00, 0x00, 0x00, 0x00, 
	0x00, 0x00, 0x00, 0x00, 0x00, 0x00, 0x00, 0x00, 0x00, 0x00, 0x00, 
	0x00, 0x00, 0x00, 0x00, 0x26, 0x22, 0x27, 0x01, 0x01, 0x2a, 0x17, 
	0x3c, 0x3e, 0x24, 0x1a, 0x01, 0x27, 0x26, 0x1b, 0x00, 0x00, 0x00, 
	0x00, 0x00, 0x00, 0x00, 0x00, 0x00, 0x00, 0x00, 0x33, 0x02, 0x0d, 
	0x12, 0x08, 0x08, 0x08, 0x12, 0x09, 0x02, 0x09, 0x09, 0x02, 0x09, 
	0x09, 0x09, 0x09, 0x09, 0x10, 0x11, 0x11, 0x0a, 0x0f, 0x00, 0x00, 
	0x00, 0x00, 0x00, 0x00, 0x00, 0x00, 0x00, 0x00, 0x00, 0x00, 0x00, 
	0x00, 0x00, 0x39, 0x13, 0x36, 0x00, 0x00, 0x00, 0x00, 0x00, 0x00, 
	0x00, 0x00, 0x00, 0x00, 0x00, 0x00, 0x00, 0x00, 0x00, 0x00, 0x31, 
	0x04, 0x08, 0x08, 0x08, 0x08, 0x12, 0x0d, 0x05, 0x05, 0x09, 0x0d, 
	0x0d, 0x0d, 0x13, 0x35, 0x33, 0x00, 0x00, 0x00, 0x00, 0x00, 0x00, 
	0x00, 0x00, 0x00, 0x00, 0x00, 0x00, 0x00, 0x20, 0x00, 0x00, 0x00, 
	0x00, 0x00, 0x00, 0x23, 0x1e, 0x27, 0x22, 0x27, 0x22, 0x01, 0x27, 
	0x22, 0x1e, 0x22, 0x22, 0x27, 0x27, 0x21, 0x24, 0x00, 0x00, 0x00, 
	0x00, 0x00, 0x00, 0x00, 0x00, 0x00, 0x00, 0x00, 0x00, 0x00, 0x00, 
	0x16, 0x1a, 0x27, 0x22, 0x27, 0x27, 0x01, 0x1d, 0x00, 0x00, 0x00, 
	0x00, 0x1d, 0x27, 0x22, 0x01, 0x01, 0x2a, 0x1a, 0x26, 0x3b, 0x00, 
	0x00, 0x00, 0x00, 0x00, 0x00, 0x00, 0x00, 0x00, 0x00, 0x00, 0x23, 
	0x2a, 0x27, 0x27, 0x1e, 0x27, 0x1f, 0x00, 0x00, 0x00, 0x00, 0x1f, 
	0x27, 0x01, 0x27, 0x27, 0x27, 0x27, 0x01, 0x1c, 0x28, 0x00, 0x00, 
	0x00, 0x00, 0x00, 0x00, 0x00, 0x00, 0x00, 0x00, 0x00, 0x00, 0x00, 
	0x00, 0x00, 0x00, 0x00, 0x00, 0x00, 0x00, 0x17, 0x01, 0x01, 0x27, 
	0x22, 0x27, 0x01, 0x22, 0x1e, 0x22, 0x01, 0x27, 0x2a, 0x1d, 0x3b, 
	0x00, 0x00, 0x00, 0x00, 0x00, 0x00, 0x00, 0x00, 0x00, 0x00, 0x00, 
	0x00, 0x33, 0x09, 0x10, 0x12, 0x12, 0x12, 0x12, 0x12, 0x08, 0x12, 
	0x11, 0x12, 0x0d, 0x12, 0x12, 0x12, 0x12, 0x12, 0x12, 0x12, 0x12, 
	0x12, 0x35, 0x00, 0x00, 0x00, 0x00, 0x00, 0x00, 0x00, 0x00, 0x00, 
	0x00, 0x00, 0x00, 0x00, 0x00, 0x00, 0x00, 0x1b, 0x28, 0x00, 0x00, 
	0x00, 0x00, 0x00, 0x00, 0x00, 0x00, 0x00, 0x00, 0x00, 0x00, 0x00, 
	0x00, 0x00, 0x00, 0x37, 0x10, 0x0d, 0x12, 0x12, 0x12, 0x12, 0x10, 
	0x10, 0x10, 0x10, 0x10, 0x0d, 0x04, 0x38, 0x00, 0x00, 0x00, 0x00, 
	0x00, 0x00, 0x00, 0x00, 0x00, 0x00, 0x00, 0x00, 0x00, 0x00, 0x00, 
	0x2f, 0x00, 0x00, 0x00, 0x00, 0x00, 0x3c, 0x20, 0x01, 0x27, 0x27, 
	0x27, 0x1e, 0x1e, 0x22, 0x01, 0x22, 0x22, 0x22, 0x1a, 0x16, 0x00, 
	0x00, 0x00, 0x00, 0x00, 0x00, 0x00, 0x00, 0x00, 0x00, 0x00, 0x00, 
	0x00, 0x00, 0x39, 0x3c, 0x3d, 0x25, 0x0c, 0x22, 0x22, 0x1e, 0x27, 
	0x19, 0x24, 0x00, 0x00, 0x16, 0x1e, 0x22, 0x1e, 0x22, 0x1e, 0x20, 
	0x1d, 0x26, 0x1c, 0x1b, 0x00, 0x00, 0x00, 0x00, 0x00, 0x00, 0x00, 
	0x00, 0x00, 0x3b, 0x26, 0x27, 0x27, 0x22, 0x22, 0x01, 0x19, 0x17, 
	0x00, 0x00, 0x16, 0x1e, 0x27, 0x22, 0x1e, 0x22, 0x22, 0x2a, 0x22, 
	0x2a, 0x17, 0x3f, 0x00, 0x00, 0x00, 0x00, 0x00, 0x00, 0x00, 0x00, 
	0x00, 0x00, 0x00, 0x00, 0x00, 0x00, 0x00, 0x00, 0x00, 0x00, 0x3a, 
	0x20, 0x22, 0x2a, 0x2a, 0x2a, 0x2a, 0x22, 0x22, 0x2a, 0x2a, 0x1a, 
	0x25, 0x3d, 0x00, 0x00, 0x00, 0x39, 0x00, 0x00, 0x00, 0x00, 0x00, 
	0x00, 0x00, 0x00, 0x00, 0x00, 0x38, 0x09, 0x10, 0x0d, 0x08, 0x08, 
	0x08, 0x12, 0x08, 0x0d, 0x0d, 0x12, 0x11, 0x12, 0x04, 0x0d, 0x04, 
	0x08, 0x04, 0x08, 0x08, 0x0d, 0x35, 0x00, 0x00, 0x00, 0x00, 0x00, 
	0x00, 0x00, 0x00, 0x00, 0x00, 0x00, 0x00, 0x00, 0x00, 0x00, 0x00, 
	0x3c, 0x28, 0x00, 0x00, 0x00, 0x00, 0x00, 0x00, 0x00, 0x00, 0x00, 
	0x00, 0x00, 0x00, 0x00, 0x00, 0x00, 0x00, 0x0f, 0x09, 0x04, 0x04, 
	0x0d, 0x04, 0x04, 0x0d, 0x09, 0x09, 0x09, 0x09, 0x05, 0x03, 0x33, 
	0x00, 0x00, 0x00, 0x00, 0x00, 0x00, 0x00, 0x00, 0x00, 0x00, 0x00, 
	0x00, 0x00, 0x00, 0x00, 0x3f, 0x00, 0x00
};

const int size_roll2_png = 24504;
